name,age,street,city,state,zip,lng,lat
Anna Hart,60,66356 Jennifer View,Lopezside,Texas,23206,-28.845760,0.6603085
Karen Kennedy,68,61056 Gentry Estate Suite 403,Marshallshire,Illinois,72371,29.008648,-26.6002475
Diane Ross,77,4745 Gina Highway Suite 440,East Kelli,Kansas,57479,-174.898994,51.989400
Logan Anderson,29,1978 Jill Motorway Suite 894,Keithmouth,Mississippi,97116,-72.608784,-79.6225975
Marvin Bryant,41,74820 Smith Knoll,Tammybury,Louisiana,92816,-151.331795,79.355265
George Young,78,15638 Gonzalez Skyway Suite 036,Woodton,North Carolina,92596,115.968045,12.9247445
Steven Phillips,67,79914 Nicholas Turnpike,Haneyshire,Minnesota,64917,99.994025,-66.728521
Jennifer Watts,26,09248 Perry Club Apt. 784,East Cesar,Georgia,63356,70.595268,39.744962
Paul Gamble,52,259 Allen Dale Suite 155,East Candace,Maryland,49637,91.173962,-61.9974175
Marcus Preston,34,53192 Schmidt Mills,Jenniferton,Mississippi,11580,174.630994,14.177348
Michael Harmon,78,16609 Sean Ways,Charleshaven,Nevada,44657,117.611050,-4.774642
Ricky Harris,54,11417 Brian Place,Port Daniel,Ohio,08006,147.839896,54.095913
Heather Jimenez,38,93656 Nicole Road,Bendershire,Illinois,56801,30.679152,-67.7674145
Rachel Wyatt,50,165 Faith Spring Apt. 997,Port Jonathanshire,North Dakota,90498,-116.773822,50.6323995
Ralph Hinton,21,9910 Medina Gardens Apt. 339,Matthewfort,Pennsylvania,65670,39.689973,-25.071783
Gabriella Mitchell,45,0386 Stevens Lodge Suite 245,Lake Lauramouth,North Carolina,32690,62.103330,74.017240
Cheryl Taylor,60,46924 Navarro Wells Suite 331,Lake Elizabethshire,Washington,58397,-168.553986,-20.833337
Brandon Carlson,42,09821 Dickson Highway,New Jacquelineland,South Carolina,68456,-179.828699,20.0676575
Micheal Mullins,69,8169 Shannon Meadow,Victorhaven,Alabama,52661,-94.593070,4.401002
Christina Simmons,27,64949 Richards Junction Suite 879,West Brian,Arizona,88792,-85.489794,14.082385
Amy Michael,47,0895 Wilson Center Suite 237,North Jaredbury,West Virginia,83051,-95.492538,-58.1974725
Jennifer Leach,37,2244 Hernandez Causeway Apt. 056,Mariaburgh,Colorado,89098,-5.939846,75.850542
Peter Wallace,72,18312 Kevin Mall Suite 371,Lyonsmouth,Idaho,25440,-24.703455,-71.262549
Rebecca Boyd,72,4261 Martha Underpass,Kinghaven,Mississippi,32849,-130.262720,50.376127
Linda Smith,45,754 Jesse Causeway Apt. 304,Gonzalezport,Mississippi,22413,23.747577,-40.232524
Stephen Barry,21,80475 Isaiah Union Apt. 569,Marthaberg,Ohio,80144,48.466888,19.610352
John Ortiz,56,79857 Byrd Brook,North William,Nebraska,12195,-70.020749,-76.917219
Christopher Mitchell,63,64021 Joseph Grove Suite 300,Pachecochester,Montana,26493,-73.149832,30.414690
James Taylor,41,7736 Sharon Stream Apt. 864,Susanport,West Virginia,88000,77.830495,-4.1660785
Natasha Dennis,43,663 Cody Path Suite 885,Rossmouth,Florida,75082,-16.667666,-83.2828865
Rhonda Kim,34,31482 Sarah Corner Suite 848,North Saraburgh,Oregon,12043,62.106820,27.708610
Margaret Diaz,25,41957 Kim Summit,Judithhaven,Wisconsin,83301,76.421896,44.7136535
Patty Carter,67,0526 Gina Courts,North Tammy,Nevada,50452,-96.193537,3.1155755
Jacqueline Rosario,46,298 Jeremiah Walk,Reedshire,Texas,51115,-79.422783,51.864551
Sandra Roberts,25,3183 Moreno Pines Suite 063,Kellymouth,Kansas,25303,-156.656155,0.098089
Joseph Chung,62,51388 Stevenson Heights Suite 585,Jamesshire,South Carolina,57736,166.897285,47.0548195
Thomas Stein,62,94904 Wright Passage,Port Patriciaberg,Mississippi,60702,112.160394,86.2880865
Patrick Davis,80,627 Elliott Hills,East Garrettbury,Virginia,34735,-95.511648,-24.867611
Shirley Gutierrez,58,60643 Brown Meadows,East Michelleburgh,Utah,44547,39.660811,8.756643
Daniel Rowe,66,1080 Mcneil Burg Apt. 681,South Kayla,Wyoming,47172,110.448240,-21.319629
Joshua Holloway,63,8337 Clark Street Suite 445,South Andrea,Vermont,49656,148.487360,65.961849
Kristen Riddle,76,6885 Gordon Roads,North Samanthaburgh,Kentucky,84673,-35.124931,50.0725145
Patricia Garrison,69,075 Bray Shore,South Jonathan,Pennsylvania,71884,-113.023326,65.891416
Anthony Lucas,60,635 Rebecca Villages Apt. 630,Rangelside,Washington,03806,-92.222568,70.760656
Edward Kelley,69,6955 Sean Valley,South Shannon,Illinois,94743,-52.950805,63.511208
Nicole Miles,36,26910 Howell Cove Suite 978,West Brandy,Texas,50677,-153.642443,-25.130188
Natasha Waters,29,2038 Jordan Meadows Suite 968,Gonzalezhaven,Utah,32244,-58.593431,-58.222502
Vanessa Chang,61,2846 Jeremy Burg Suite 854,Briannaport,Delaware,13825,-142.058713,35.294311
George Thompson,29,20161 Patrick Keys Apt. 282,West Holly,Florida,27873,134.855089,-86.573338
Amy Gordon,47,24053 Allison Expressway,New Victoriafurt,Nebraska,66848,141.212300,73.7266275
Sandra Mcdonald,74,1999 Lindsay Expressway Suite 196,Frederickberg,Mississippi,59211,-48.238976,9.471344
Natalie Spears,79,4670 Logan Pike,New Catherinetown,Wyoming,00524,-96.564821,64.545628
Mrs. Jennifer Johnson DVM,28,696 Campbell Haven,Mitchellmouth,Hawaii,67095,75.983235,-48.6305715
Diane Williams,36,164 Potts Skyway Apt. 809,New Melissaport,Indiana,05620,-28.257657,48.7145555
Henry Shaw,76,7265 Adams Port,Port Paulmouth,Idaho,92792,102.934692,66.022466
Rebecca Lewis,28,784 Manuel Plains,Rebeccabury,California,32372,57.599425,-1.172750
Stacy Scott,78,2664 Hanson Rest,Lake Jeff,South Dakota,61413,68.249501,33.936447
Jerry Collins,50,5042 Alexis Circle Apt. 098,Wagnerborough,Arizona,73818,168.263741,85.3068975
Stephanie Moss,75,317 Nathan Station Suite 900,Jenniferborough,Louisiana,50502,94.960197,-68.4030515
Robert Simmons,60,9629 Jeffrey Ridge Suite 843,Port Jessicamouth,North Carolina,56529,-104.900930,82.862613
Regina Hodges,66,0353 Rachel Road Suite 556,Port Patrick,Missouri,03761,86.556018,3.1997335
Molly Park,76,4410 Evans Way Apt. 974,Cliffordhaven,Montana,51414,171.397589,35.4153725
Amber Gregory,37,36459 Edgar Road,Port Tammy,Tennessee,65509,-14.195334,-56.527164
Nicole Bradley,39,1458 Richard Summit Suite 715,Lake Corey,South Dakota,94096,-16.002629,-70.311142
Nicole Rodgers,37,45775 Mary Course,Aguilarview,Maine,35368,-115.911229,64.306262
Todd Drake,60,1709 Donna Summit Apt. 370,New George,Delaware,77893,46.766114,-36.3264235
Timothy Lee,58,04405 Murphy Vista Suite 319,New Michael,Missouri,38566,160.408436,10.0792765
William Singh,43,31857 Dawn Fort Suite 839,Roseberg,Florida,46054,-103.184057,22.2764215
Christian Chavez,23,2404 Williams Rue,Lake Katherineport,Oklahoma,53278,167.085434,14.7769895
Steven Ramirez,18,5716 Duncan Loop,Juanberg,Minnesota,57545,-171.518324,-48.1648685
Virginia Baker,64,399 Carla Gardens,East Aprilburgh,Delaware,51777,169.108120,35.5598065
Christian Nunez,55,08538 Johnson Skyway Suite 164,Dominguezshire,Connecticut,10809,-8.203641,12.237559
Michael Reed,18,8572 Duffy Junctions Apt. 435,East Beckyfort,North Carolina,38241,172.143369,14.884110
Lauren Smith,67,80810 Burns Path Apt. 943,North Jonathan,Idaho,48707,62.042713,-19.383912
Colleen Alvarez,76,84179 Christopher Mill Apt. 955,Watsonberg,Indiana,81156,158.161180,-43.9387405
Kimberly Massey,68,300 Wiley Manors,Lake Sheryl,Missouri,86877,-131.486287,-40.6517705
Barbara Gordon,54,2854 Griffin Inlet,Port Rebeccamouth,Pennsylvania,55757,-153.649316,-78.4151435
Seth Gibbs,66,673 Lee Cliff Apt. 918,Barneston,Virginia,14628,149.051254,28.6046225
Travis Young,61,150 Moore Burg Apt. 974,Adamchester,North Carolina,09536,-133.095761,56.412956
John Marquez Jr.,23,15167 Blankenship Crossroad Suite 791,Port Eric,West Virginia,91913,65.222189,-2.6805135
Kimberly Alvarez,47,184 Melanie Harbors,Juliestad,Montana,21789,52.652306,9.006491
Christopher Carter,66,23642 Seth Mission,Lake Thomas,Idaho,34650,12.529694,-0.024576
Frederick Carlson,80,76484 Holloway Plaza,Collinsmouth,California,31612,-78.525652,36.309889
Kelly Duncan,59,662 Anthony Ferry Apt. 100,New Victoriamouth,Maine,85274,25.192381,-0.1273675
Tommy Marshall,69,7227 Decker Crossroad,West Josephberg,Iowa,81995,-17.317563,50.8016795
Marissa Guerra,29,62144 Collins Crescent,Lake Meganberg,Montana,03750,-8.314687,-38.5477185
James Murray,38,6594 Elizabeth Throughway Apt. 452,Jasonhaven,New York,62328,154.480504,63.0427865
Ronald Hall,66,25411 Mark Coves,East Alexander,Alabama,32618,20.802012,73.4602465
Jacob Sanchez,45,237 Justin Junctions,Lake Ruth,Washington,37132,74.107056,83.0909705
Melissa Merritt,59,505 Michael Ridges,Roymouth,Illinois,69053,134.796804,-65.583995
Leslie Snyder,54,6369 Garner Trace Suite 658,New Jamesfurt,Mississippi,28993,89.731050,56.7389355
Lisa Kirk,64,8248 Harris Trafficway Apt. 339,Adamsbury,Virginia,61642,-63.052010,-58.6892985
Olivia Howard,62,0168 Kevin Run Apt. 682,Brownbury,Indiana,83521,60.330336,66.239027
Evelyn Hansen,29,5386 Chan Burg Apt. 955,East Charles,Ohio,59708,137.438867,-65.437834
Bonnie Higgins,61,59404 Shelly Dale,West Kristychester,Maine,12338,-161.204458,16.8963755
Miss Amanda Barrett,37,36950 Dylan Run Suite 349,Dixonland,Missouri,35320,-71.205689,15.1582075
Ms. Amanda Delgado DDS,21,006 Kristy Ford,New Williefort,South Carolina,41197,-122.717650,-88.2701805
David Nelson,63,7684 Whitehead Walk Suite 210,Pachecoborough,Iowa,40127,-130.787769,3.3217925
Robert Conrad,34,3055 Andrew Pike,Riverahaven,Rhode Island,21372,149.388845,25.820010
Brian Hanna,55,61802 Samantha Grove Suite 637,East Laurie,Michigan,08546,-38.913909,-86.3923565
Jacob Cox,57,51506 Dennis Crest,Emilyside,Kansas,69725,-87.617878,31.8331765
Tara Zuniga,49,9892 Kelly Terrace Apt. 095,Yoderstad,Iowa,07085,-60.297726,-48.184075
Mary Rivera,36,28620 Howard Place Suite 275,Michaelshire,New Hampshire,38680,164.545930,58.0381055
Melinda French,38,82672 Michael Junction Suite 771,Simpsonland,New Mexico,29705,-144.882551,-80.5392805
Traci Rogers,57,38957 Mitchell Wall Apt. 611,Royville,Iowa,66699,39.620062,-56.3809055
Sharon Garcia,54,62943 Joan Dale,Kevinland,New Jersey,24279,175.460076,-35.073837
Gary Turner,61,916 Teresa Point Suite 710,Traceyton,Rhode Island,02981,51.431494,-37.8030985
Charles Riley,63,72002 Holloway Vista,South Nicolestad,Missouri,01777,39.062927,-20.471443
Curtis Morgan,43,7311 Jesus Cliff Suite 646,Gregoryton,Kentucky,46686,52.918572,-65.4229645
Penny Chavez,56,8811 Mary Crossroad,West Austinberg,New Mexico,16279,54.276269,47.427812
Christina Andrade,71,4874 Antonio Island,Michelleberg,New Jersey,51821,-106.544795,-17.2443955
Anne Ellis,66,2050 Huber Wall,New Joanne,Nebraska,88159,-31.578933,-18.6539805
Robert Cherry,78,9054 Robin Radial Suite 285,South Marie,Nebraska,51697,-101.935882,70.247438
Richard Fleming,27,78563 Jennifer Course Apt. 919,Kimberlyburgh,Delaware,10431,-87.052286,-12.4296725
Robert Martinez,19,8431 Winters Overpass,Millerville,New Mexico,92492,56.093011,-28.836703
Thomas Ballard,51,98116 Lewis Mall Apt. 642,Kimberlyburgh,Maine,90021,-20.901573,44.9213255
Tanya Allison,45,52565 Sara Crossroad Apt. 897,South Williamtown,Michigan,61361,-111.564594,-61.0940035
Tyler Burke,45,5193 Tracey Port Suite 895,West Jodi,Tennessee,66909,-171.145747,60.9994065
Jeff Ruiz,20,8213 Francisco Ferry,East Virginia,Michigan,55816,96.342542,29.9220885
Erik Cabrera,49,42716 Randy Street Suite 504,Stephaniechester,Oregon,65105,53.989340,6.655921
Stephen Kirk,53,286 Christopher Court Suite 191,New Anthony,North Carolina,25723,-118.525003,64.347265
Nina Perry,74,491 Jason Inlet Apt. 059,North Larry,Utah,60363,-158.625856,-14.299218
Jennifer Cunningham,66,17968 Acosta Stravenue Apt. 918,Dianaport,New York,84140,145.644309,82.388642
Brian Harmon,47,64419 Reyes Centers,Patriciaburgh,Hawaii,98708,-26.822326,-24.3729195
Ashley Jones,41,8028 Cynthia Streets,Lake Richardland,Ohio,20678,99.932213,44.742798
Adam Krueger,58,2520 Ashley Plaza,New Ericside,Wyoming,16561,-71.648864,17.5072845
Martin Brown,25,90442 Marks Avenue Apt. 351,Lake Pamelaberg,Oregon,54646,-52.485429,-54.838843
Brandon Harris,80,214 Wallace Freeway,Billton,Texas,21195,-174.998140,-21.8059565
Colleen Gill,78,647 Elizabeth Stravenue,Johnsonfort,Louisiana,80538,140.229905,86.9636375
Javier Simmons,54,86323 Peterson Walks Apt. 545,North Shannon,West Virginia,66907,168.983478,25.8720315
Craig Smith,74,058 Jody Lane Apt. 937,Billyfurt,Tennessee,58192,-88.448421,-22.636622
Jose Williams,32,597 Adkins Stream,East Nathan,Georgia,63652,11.085251,-74.9277665
Ryan Bell,69,51830 Kevin Forges Apt. 535,North Tammy,Massachusetts,24763,-33.047282,4.3984105
Travis Browning,43,1715 Martinez Fort,Cookmouth,Virginia,98526,90.760959,-11.170848
Aaron Daugherty,77,7777 Barton Path Apt. 187,North Monicamouth,Louisiana,98134,-114.727556,-83.014841
George Clark PhD,40,411 Jose Drive Apt. 335,Zamoraton,Maryland,85528,176.132417,8.7440515
Kayla Medina,57,71597 Dillon Court Suite 151,North Paulmouth,Alaska,02601,-71.516145,73.0903035
Mary Aguilar,31,41614 Lewis Pines Suite 590,East Steven,Virginia,09071,107.765504,73.0639825
Francisco Bowman,77,10681 Madeline Crest Apt. 195,Rossburgh,Colorado,26013,83.013779,-49.2609195
Emily Henderson,54,74595 Adam Turnpike Apt. 032,New Laurenstad,Oregon,46576,-82.343525,1.429899
Michael Zimmerman,65,644 Kevin Parks Apt. 608,Wallstad,Minnesota,77088,-61.638580,42.024988
Judith Grant DDS,46,60921 Brandy Glens,North Ianburgh,Indiana,81456,52.272173,-75.119534
Adriana Hudson,43,243 Anderson Ridge,East Rodney,West Virginia,88538,-43.571203,70.1829505
Devon Jones DVM,75,28375 Mary Street,North Traciview,Minnesota,22017,143.492260,18.1695935
Robert Chen,27,116 Jeanne Loop Suite 392,Kathleenmouth,Massachusetts,26469,168.637019,5.991580
Dr. Cathy Clarke,71,43769 Cook Point,Lake Andrewberg,Pennsylvania,49011,-150.992031,-80.599844
Jo Long,29,6089 Samuel Course,Jordanfort,Delaware,59540,30.094731,53.0052185
Matthew Roy,35,9869 Hunter Parkways,Cortezbury,Hawaii,60783,-172.432238,80.5933645
Daniel Wilson,21,05695 Sarah View Suite 587,West Francisco,New Hampshire,33369,120.781459,77.477120
Matthew Blackwell,52,76409 Corey Brook,Lake Frances,Pennsylvania,11039,106.307800,49.666389
Kelly Russo,62,954 Carla Alley Suite 815,Port Jay,Connecticut,54326,23.678794,-14.604440
Allison Cook,48,25279 White Lock,North Graceville,North Carolina,00956,70.244217,69.7898165
Melvin Petersen,43,314 Frank Mills Suite 843,Martinberg,California,57962,-142.899527,27.134760
Meagan Pierce,43,9794 Rachel Plaza,North Micheleville,Indiana,35271,83.611233,72.117787
Elizabeth Ochoa,67,2368 Larry Ferry Suite 322,West Daniellemouth,Nevada,21052,163.700412,89.712846
Kristina Hanson,66,04990 White Coves Suite 948,Lake Brianfurt,New Hampshire,38237,-51.811861,0.6101925
Roger Mckee,59,99811 John Fords Suite 453,North Marymouth,Louisiana,21769,-4.781363,50.415463
Sergio Mccarthy,77,1705 Morris Fords Apt. 391,Mistyhaven,New Jersey,26326,-119.147990,63.4222425
Karina Fleming,39,4439 Denise Ports,New Garychester,Texas,23352,-70.088630,54.4714425
Meghan Smith,68,481 Nicholas Shoals,Juliamouth,Georgia,78286,53.833847,59.8687085
Daniel Ortega,53,6532 Mcclain Ridges Apt. 289,Callahanmouth,Missouri,46606,-44.218467,-50.787289
Anne Smith,48,182 Shannon Springs Apt. 887,Garychester,Alaska,80364,-134.768480,66.6000485
Steven Pierce,75,1737 Madden Harbor,Jonesmouth,Colorado,35558,7.108863,-42.5538715
Pamela Thompson,19,8606 Erin Cliff Suite 326,Cardenasburgh,Indiana,04292,69.379177,60.688695
Amanda Greene,73,29112 Michael Fields,Lake James,New Mexico,56281,-116.292471,36.261133
Connor Olson,42,59576 Jacob Rapid,East Jessica,Missouri,19428,8.804207,-14.793355
Steven Andrews,66,88853 David Isle Suite 367,Cookburgh,Iowa,08908,92.652310,-83.2594965
Diane Dudley,53,1705 Stephanie Corner Apt. 868,Stephanieshire,Virginia,80785,10.200825,28.241771
Susan Bird,23,72567 Jeffrey Square,Port Ross,Wisconsin,59656,70.897456,-2.063120
Alison Mckinney,19,890 Rachel Islands Suite 135,North Jordan,South Carolina,11415,-14.708420,8.7031755
Deborah Brown,79,216 Gutierrez Cape,Watsonbury,Utah,79597,-161.281600,-31.5288495
Brian Soto,21,2202 Claudia Alley,Donaldfurt,Mississippi,59953,47.684632,-88.969041
Aaron Banks,45,5305 Melissa Hill,Maryville,Wisconsin,32250,-178.148007,6.9712995
Marcus Hood,18,8347 Jerry Rest Suite 114,Maryfurt,Vermont,01099,139.461471,-48.8236365
Gabriel Castro,49,40920 Goodwin Ville,Troyshire,Utah,26203,-37.562067,59.0538915
Kelly Wright,30,050 Steven Ramp Suite 269,Wardfurt,Colorado,19504,-155.949349,-62.4907735
Kathleen Salinas,52,258 David Dale Apt. 401,Lake Amanda,Kentucky,82253,166.896099,-67.8587695
Miranda Brewer,26,683 Reed Knoll Suite 676,New Jorge,Virginia,86057,-169.923565,41.768947
Richard Bryant,44,7178 Hood Greens,Cassandramouth,Delaware,31538,147.389034,-33.9559265
Margaret Salas,37,19052 Mcintyre Vista Suite 218,New Adrienne,Connecticut,26741,146.550396,48.646320
Amber Torres,49,5758 Matthew Harbors,Smithmouth,Oklahoma,15893,41.245261,-65.659023
Katie Hawkins,66,152 Timothy Knoll Apt. 941,Nataliechester,Tennessee,20124,2.337408,23.4052675
Shelly Jones,29,7852 Maurice Extensions,South Rachelmouth,Florida,62137,-161.769403,-27.3130125
Kayla Cortez,68,8579 Sarah Ford,Port Susan,Minnesota,56509,153.004362,48.1822875
Connor Hughes,28,085 Lori Brooks,Jamestown,New York,38267,-64.362251,69.0704545
Eugene Leon,54,39518 Paula Court Suite 870,Crosbybury,Florida,35411,-7.832339,56.4273575
Cody Gilbert,51,57306 Victoria Avenue Suite 049,Goodwinmouth,Connecticut,25212,55.488967,73.842965
Troy Webb,73,254 Branch Tunnel,South Patriciastad,Georgia,97363,-131.473502,-40.5729805
Adam Brown,46,1513 Solomon Creek Apt. 712,South Brandimouth,New Jersey,26154,-74.746910,27.5295985
Charles Richardson,48,468 Craig Spur,New Matthew,Illinois,14487,-34.233077,-62.119156
Ashley Bryant,75,4868 Reynolds Squares,South Benjamin,Arizona,59592,155.712006,-68.7869095
Alexandra Johnson,53,522 Brent Stravenue,Reginahaven,Wyoming,63689,61.598842,30.521631
Gregory Hall,34,772 Smith Square,Hicksfort,Nevada,54570,177.130437,-45.819939
Joseph Mckinney,66,380 Green Pines Apt. 484,Lake Jamieshire,Indiana,39625,-43.863961,64.8382385
Laura Patel,68,611 Cruz Corner Suite 010,Josechester,Arkansas,58034,64.796688,27.3938185
Kiara Steele,77,57537 Katelyn Keys,Myersside,Maryland,90350,-71.992743,76.3546475
Oscar Cole,57,2529 Murphy Ranch Apt. 520,Bryanchester,Alaska,61671,10.671018,-56.7167225
Pamela Williams MD,26,813 Kathy Court Suite 288,Port Williammouth,Kentucky,05806,105.764388,45.965050
Julia Elliott,74,3782 Houston Brook,East Stephenville,Idaho,64655,53.788270,-74.3273315
Frank Allison,65,621 Cory Viaduct,Port Belinda,Alaska,49080,-90.542112,80.1396695
Sherri Moore,33,918 Kyle Lights,Amandaport,Missouri,74327,129.460793,-28.0680735
Christine Ward,25,091 Maynard Glen Apt. 010,New Bryan,Oregon,26663,-10.310320,25.5288355
John Mitchell,34,82459 Matthew Loaf Suite 313,Walkerfurt,Georgia,17937,-1.883506,-15.3889185
Sonia Fletcher,35,772 Jones Mission,New Hunter,Oklahoma,11884,-51.244871,36.810507
Robert Hill,24,1853 Alexis Lakes Apt. 626,Lake Darrell,Virginia,06224,-130.083355,-9.3539055
Ellen Brown,77,70112 Megan Pine,North Paulaton,Wisconsin,61869,74.948869,20.8383515
Heather Williams,62,537 Stewart Underpass,South Matthewtown,Rhode Island,68088,10.768836,-82.7218155
Brandon Graham,55,73545 Smith Crest,Woodstown,Virginia,70851,24.147623,-0.4522875
Lisa Mitchell,40,4548 Ramirez Islands Apt. 267,Leslieville,Maryland,65299,23.621370,29.564769
Richard Rogers,50,085 Becker Mountains Suite 310,North Dianestad,California,57496,-21.662326,46.369523
Jennifer Bell,34,38001 Nicholas Branch Apt. 440,Vanessaview,New Jersey,09382,137.820440,-61.019181
Jessica Gomez,79,66606 Underwood Place Apt. 099,Suttonville,New York,48555,64.997437,9.9429845
Shannon Wilson,58,39648 Amber Extensions Apt. 818,Martinmouth,North Dakota,82964,-43.662448,22.8596945
Jennifer Allen,48,53008 Christina Rapids,Peterborough,Minnesota,97351,138.969183,-72.214077
Cassidy Padilla,44,9168 Faulkner Creek,North James,North Dakota,53322,-139.363694,-74.140007
Erik Johnson,48,6861 Schneider Estates Suite 710,Shawnshire,Pennsylvania,16052,-29.480151,27.9421635
Susan Mitchell,47,7128 Michelle Drive,Dixonshire,Missouri,64639,67.625365,-49.129582
Alicia Gordon,58,07536 Simpson Walk,New Zacharyville,Oklahoma,46228,109.768522,23.774442
Jessica Merritt,58,436 Kristi Roads Suite 238,Port Robertview,Iowa,83822,18.066090,65.4189505
Michael Cunningham,65,0119 Richardson Wells Apt. 758,South Jameschester,Oklahoma,63284,-31.993103,52.283324
Tracy Gilbert,42,168 Tamara Plains,Port Rachelland,Texas,30420,-167.481512,-17.816140
Sarah Rodriguez,52,3378 Waters Stravenue Apt. 258,New Jacquelinemouth,Utah,40866,-119.632155,-76.655453
Anna Bell,32,63578 Adam Grove Suite 466,Jefferyberg,Maine,80698,-174.375800,10.9027025
John Mcclain,70,61093 Sydney Key Suite 522,West Manuel,New York,40623,90.541872,-8.389619
Luke Martin,52,49052 Gabrielle Branch Apt. 261,North Tylerburgh,Delaware,27206,14.961953,29.4523995
Erik Hall,39,7161 Williams Circle,Loganside,Nevada,61478,-169.408462,-61.265671
Thomas Evans,72,990 Anderson Wells,Hodgeville,Kansas,72479,153.677204,88.3473195
Justin Nichols,59,2670 Montgomery Squares Suite 698,Danielville,Alabama,79305,110.025001,-30.4125265
Christine Jones,63,389 James Center,Port Albert,Kentucky,51945,-7.482201,-6.2289525
Derek Carson,71,1617 Montgomery Estates,South Anthony,North Dakota,79361,-143.465225,-61.082379
Amber Ramirez,50,449 Mendez Road,New Samanthamouth,Florida,11410,173.356766,88.852333
Jose Crosby,66,920 Stephanie Locks Apt. 751,New Chadberg,Florida,01723,147.542472,-88.520881
Jacqueline Haas,43,1727 Martin Lane,Changfort,Wisconsin,89859,-69.270244,29.168711
Matthew Floyd,35,24992 Palmer Ford,Taylorland,Minnesota,92254,-66.009575,-40.2252645
Darrell Fuller,72,38949 Cruz Cape,Grossstad,California,98292,-136.093011,72.885652
Laura Pollard,28,6513 Leblanc Turnpike,South Ashleytown,South Dakota,64485,-92.191212,-28.0528605
Laura King,24,8995 Gomez Path Suite 274,North Angela,Kentucky,80932,56.647115,-64.655849
Nicholas Cox DDS,72,726 Kristine Vista Apt. 920,Williamsmouth,North Dakota,01723,67.514629,60.190489
Alyssa Green,42,24809 Stewart Roads,South Zacharyberg,Idaho,90458,176.780591,-82.1539665
Kelsey Bennett,30,58974 Scott Keys,Michaelbury,Michigan,88998,41.897361,-39.1972365
David Ford,37,2168 Michael Trafficway,East Connie,New Hampshire,16775,-74.842578,38.238570
Carolyn Rose,30,6088 Garcia Pike,South Derrick,New Jersey,51369,119.973932,-34.719719
Carolyn Stewart,57,6888 Jordan Landing Apt. 126,West Amber,Rhode Island,07357,80.738815,5.081983
Eugene Mays,72,2794 Stacey Groves Suite 098,Lake Edward,Washington,91751,-21.029390,27.8547005
Jamie Stanley,77,350 Gibbs Isle,Whitneyport,Montana,56546,176.010294,52.825617
Cody Davis,24,80939 White Brook,East Lindamouth,Illinois,42945,20.677234,36.9010805
Maurice Anderson,76,3541 Ponce Heights,East Jennifer,New Hampshire,05999,92.764390,12.6440035
Joseph Lee,40,155 Melissa Plains,West Toniport,Louisiana,74901,-173.507489,-2.574974
Joanne Herrera,48,8344 Stephanie Pike,Zacharyborough,Hawaii,11836,-49.429242,26.4475625
William Goodman,55,877 Armstrong Gardens,Harrisontown,Idaho,72409,20.947263,9.992465
Nicholas Velazquez,78,935 Richard Passage,Valentineville,Wisconsin,95141,107.157040,19.786718
Karen Williams,27,1168 Lewis Locks Suite 918,Pettyfurt,Indiana,93844,128.098475,57.2623145
Bethany Cherry,67,1899 Dawn Junctions Suite 724,Atkinsonberg,North Carolina,50641,-158.727027,83.888812
Kimberly Garrett,72,7622 Peterson Port,Benjaminville,New Jersey,04198,-25.215303,-77.681635
Tracey Rodriguez,80,83469 Allison Square Suite 374,Waynestad,Hawaii,60429,179.086100,-43.661046
Gregg Ramirez,62,630 Michelle Court Suite 626,Kerrstad,New Hampshire,93133,77.109159,-58.158549
Andre Davidson,36,6046 Hoffman Park,North Kellystad,Michigan,01974,88.089782,66.497380
Christopher Phelps,59,565 Levy Ways Suite 450,Luiston,Nevada,06086,14.478877,-29.258330
Kathleen Valdez,52,715 Ritter View,North Jessica,Illinois,75484,-149.793942,-53.550528
Stephen Martin,48,346 Vanessa Spur Apt. 752,Marshalltown,Illinois,25929,-135.679475,19.1531355
Michele Moss,44,544 Wagner Island,Donnaborough,Vermont,63197,56.294645,7.2812835
James Powers Jr.,49,92012 Osborne Canyon,East Erik,North Carolina,20075,-102.107698,-10.9388195
Martin Gallagher,32,963 Jesus Mission,Jaimemouth,Louisiana,11964,159.348710,84.219712
Cody Gordon,71,9420 Vazquez Fort Suite 890,Norriston,Delaware,72284,-50.814431,-53.789698
Jennifer Cannon,59,7050 Miller Bypass Suite 570,Ortizmouth,Wisconsin,16198,52.672799,31.154014
Justin Burgess,46,802 Lewis Village Suite 639,Lake Markland,Hawaii,35143,-17.967123,51.3955625
Melissa Ballard,64,198 Zavala Viaduct,West Melissa,Tennessee,28747,-84.113663,32.4465575
Chad Price,43,7964 James Curve Suite 487,East Mark,South Dakota,71842,-158.632802,-37.962126
Charles Noble,68,1335 Karen Key,Ryanberg,Kentucky,55511,-44.739808,-47.0189375
Tracy Fry,31,829 Veronica Plain,South Leonard,Tennessee,51364,-118.873334,88.8324545
Kimberly Clark,26,39311 John Field Apt. 234,New Jamesfurt,West Virginia,85126,-145.469079,-87.8223525
Joseph Gonzalez,22,983 Glover Street,South Michael,New Mexico,71721,-33.874339,-24.953334
Kimberly Robinson,31,25887 Desiree Glens Apt. 359,Feliciachester,Idaho,72010,-115.619355,-86.9079465
Kathryn Ward,43,5678 Daniel River Suite 457,Lake Bobbybury,New Mexico,89875,45.002840,44.7037775
Gabriel Mccoy,19,908 Michele Views Apt. 614,New Zacharyfurt,New Hampshire,85786,-33.388247,-24.616111
Kara Combs,59,6291 Bethany Isle Suite 189,Popefort,Minnesota,23503,146.890820,41.1347105
Clayton Tucker,69,42490 Cooper Divide,Port Veronicamouth,Kentucky,32699,-131.514044,-20.7541035
Steven Vega,46,6253 Barbara Pike,West Leefurt,Oklahoma,37581,65.537995,85.6741375
Tom Boone,19,0896 Lee Cove Suite 020,Port Melissa,Virginia,83400,-54.295227,-24.6005705
Julia Allen,30,9470 Ricky Green,Christopherton,Wisconsin,46493,78.016768,-11.677571
Savannah Young,38,937 Aimee Skyway Apt. 571,Dalefurt,Arkansas,62443,-31.994520,-27.370180
Jody Green,62,182 Robertson Mission,Port Joy,North Dakota,91671,-120.774939,59.791813
Thomas Hamilton,46,299 Ware Streets,Lozanofurt,Utah,91914,75.672973,-44.541396
Anthony Rose,53,4509 Mallory Branch Apt. 188,East David,Kentucky,13380,113.984215,-3.1866755
David Gomez DDS,26,563 Lee Road Apt. 615,Jessicaton,Rhode Island,08315,176.931448,76.1859445
Logan Anderson,78,64018 Aguirre Stream Suite 241,Port Linda,Louisiana,58520,97.244219,11.1678955
Stephanie Lewis,28,22146 Dominguez Forge Suite 568,Kennethland,Connecticut,08446,91.482514,60.065333
Patricia Fernandez,38,12388 Mark Park Apt. 061,South Seanbury,Alaska,94845,-124.396690,-8.5619715
Mark Carter,34,82860 Karen Views,Lake Joshualand,South Carolina,56701,-61.295266,-87.9625505
Matthew Gutierrez,34,43076 Cameron Village,Thompsonhaven,Massachusetts,58529,171.899883,28.026805
Miss Jessica King MD,33,22797 Jeremiah Mountain Suite 307,Cardenasmouth,Rhode Island,33400,36.517293,41.6898925
Jesus Holt,70,776 Anthony Field Suite 294,North Marcusstad,Tennessee,16652,-146.576234,-11.8601575
Daniel Brewer,19,95073 Caitlin Ville,Singhtown,Alaska,35043,154.409299,14.075486
Heidi Bailey,33,0323 Shelley Cliff,Millshaven,New Hampshire,73477,13.936889,-17.6928085
Tracy Johnston,73,6631 Robert Locks,East Mackenzieborough,Indiana,47542,-47.981884,75.609320
Brian Mcgee,56,244 Pearson Park,Williamview,Michigan,23776,-162.541967,34.1281165
Amanda Chang,61,942 Lee Ways Apt. 466,Donnafurt,Oregon,81440,72.910027,20.284506
Aaron Bell,60,2839 Melissa Place,East Nancyfort,Rhode Island,78384,42.259099,28.1461165
Terry Townsend,29,1027 Michael Garden,Johnsonchester,New Mexico,70763,173.897938,85.8757665
Ronald Wright,66,4487 Jason Run,Richardberg,Alaska,17259,118.286629,-79.4280985
Mark Moore,45,10834 Jill Via,Port Jamesmouth,Massachusetts,07256,-30.141710,-16.9341975
Ernest Warner,41,3806 Christopher Highway Apt. 106,South Shawnton,South Dakota,95212,-73.616360,56.1645025
Whitney Bradshaw,25,869 Valerie Views,Lisastad,Mississippi,08401,92.188325,-14.2092835
Mary Kane,31,0725 Woods Course Apt. 534,Bergerchester,California,40390,-144.360400,22.515430
Vanessa Griffin,22,2490 George Squares Suite 089,Wandahaven,Missouri,69199,90.744522,-18.4645995
Emily Smith,36,34115 Lopez Canyon,Robertchester,Oklahoma,68362,154.798028,-89.489709
Robert Fox,47,320 Debra Squares,Serranoview,Missouri,78608,44.697925,3.857861
Dr. Joseph Palmer DDS,21,7704 Tammy Stravenue,New Brittney,Vermont,13419,49.883214,45.983967
Richard Cook,28,4770 Jessica Walk,Michaelview,Florida,58271,-148.149962,88.306995
Jacqueline Duncan,42,443 Ford Roads Suite 544,New Jenniferland,Tennessee,94886,100.825115,-83.3386765
Meagan Gonzales,70,7839 Goodwin Crescent,Williemouth,Kansas,84771,64.037182,58.806673
Jay Miller,73,470 Angela Loop,West Paulshire,Michigan,39388,103.566901,59.4593535
Maureen Miller,40,13645 Vanessa Shores,Lake Steven,Florida,86858,147.081276,73.4948795
Brittany Henry,63,252 Lowery Overpass Suite 243,Porterstad,Connecticut,76239,-119.209232,41.6332115
Misty Anderson,43,73152 Robert Shore Suite 526,Michaelaport,New Jersey,68800,144.676809,65.017172
Jamie Le,34,925 Kathy Spurs Suite 161,Murphyshire,Iowa,76130,-136.383354,33.727962
Joshua Wolfe,28,68855 Danielle Neck,South Joe,Minnesota,05515,107.177484,-80.7208315
Natalie Rios,44,030 Cook Village Apt. 598,Port Kathleentown,Massachusetts,32886,-129.779782,-57.9085835
Tracey Allen,18,0328 Castillo Walks,West Tylerside,Georgia,85757,-150.866192,-79.4902385
Logan Gonzalez,56,79720 Ward Drive Apt. 389,West Heatherside,Washington,44377,-176.118494,-57.199766
Alyssa Burnett,38,39176 Nancy Crest Apt. 660,South Justin,Minnesota,66684,-178.282682,-72.372667
Mark Jordan,51,4340 White Trace,Jackside,Kansas,73888,-28.315487,-80.757973
Christie Burns,30,9440 Jennifer Estate Suite 306,Fryestad,Arkansas,62713,51.546260,75.324663
Patricia Thomas,22,483 Patterson Plain,Marymouth,Kansas,69483,-176.881174,-88.4921025
Mary Barton,45,428 Annette Extensions Apt. 718,New Sheryl,Vermont,14055,-24.386076,-10.7486065
Cynthia Berry,24,841 Rodriguez Brook,Cruzmouth,Texas,02541,-26.596425,-64.2781485
Joyce Li,50,7851 Samantha Harbor Apt. 848,New Dennismouth,South Carolina,04629,165.339913,59.2725235
Alicia Wu,66,176 Tasha Lakes Suite 152,Amyfurt,Ohio,87113,-23.834771,13.2323175
Brian Harper,19,5924 Rodriguez Flat,New Nicholas,Pennsylvania,26910,30.773657,80.8315715
Lisa Bryant,74,343 Allen Unions Suite 518,Holtburgh,Arkansas,76091,-52.412882,33.527574
Heidi Thomas,78,9031 Bethany Knolls,New Kevin,Georgia,63961,-58.999820,-72.4261485
Eric Fisher,31,005 Amber Springs Suite 602,Port Diane,New Mexico,41915,-120.088162,-13.247006
Keith Walker,31,81183 Davis Neck,West Nathanstad,Alaska,58016,-142.682632,8.9888155
Mark Tapia,39,0205 Brad Loop Apt. 550,Lake Laura,Rhode Island,03366,-76.935842,49.8299515
Ashley Arnold,50,2570 Randolph Turnpike Suite 650,Connerburgh,New York,68822,90.300018,36.763064
Kelly Ward,56,79343 Watson Landing,East Stevenstad,Washington,11199,60.426859,-9.0916455
Stacey King,65,59642 Francis Orchard Suite 898,Shannonberg,Alaska,86975,171.281595,5.561967
Mrs. Jessica Kennedy,38,860 Richardson Tunnel,Kimberlyberg,Kansas,70421,157.626748,-1.897349
Angela Castro,24,9651 David Radial,East Oscarshire,Connecticut,81122,-43.936479,-83.259573
David Schwartz,45,2163 Kane Stravenue,New Christinestad,Hawaii,19725,85.906103,83.391341
Jill Simon,53,10210 Guerrero Springs,Crystalshire,Oregon,77472,18.686213,-64.624897
Debra Estrada,62,01445 Brandon Lakes Apt. 159,North Brian,Oklahoma,90393,-28.526354,-88.681748
Paul Freeman,73,28642 Richard Junction Suite 008,Stephensfort,Washington,59585,-133.552630,4.9977565
Judith Santiago,58,835 Foster Unions,West Megan,Ohio,38645,-65.067025,-13.8311635
Heather Chandler,40,48842 Martinez Trail Apt. 844,North Robert,Tennessee,67480,104.080354,28.6766445
Rebecca Conner,73,3384 Davis Rue Apt. 783,Ashleeberg,Montana,05502,-169.078641,80.538806
Curtis Williams,70,328 Ray Prairie Suite 078,South Gregorytown,Missouri,18323,162.840881,-31.8450015
Margaret Bush,37,1560 Sonya Well,Bradleychester,Wyoming,15463,-124.353396,21.2218225
Matthew Jones,80,167 Patrick Haven Suite 640,Salazarbury,Colorado,17650,14.003711,-87.904561
Matthew Palmer,69,86426 Michele Springs,Christophermouth,Oklahoma,47735,80.798114,6.7868365
Shane Hampton,79,4428 Ronald Summit Apt. 793,Thompsonton,Texas,19107,63.122337,-32.160245
David Brown,57,961 Cynthia Stravenue,West Kristen,Connecticut,65091,-153.329829,-78.941899
Christopher Ellis,75,7830 Turner Coves Apt. 173,New Dwayneside,Tennessee,69504,-56.405296,89.404918
Deanna Shaffer,50,59724 Rollins Dam Apt. 527,West Reneemouth,Montana,11969,92.778387,81.877280
Samuel Huffman,73,3618 Gates Camp,South Kenneth,Montana,90465,-40.093306,7.5715475
Terrence Hall,21,1135 Wilson Tunnel,South Jackbury,Maine,86768,136.894229,-62.242821
Benjamin Irwin,44,06789 Derrick Camp,New Calebbury,Alaska,96592,-133.975701,71.4591395
Vincent Mcguire,45,041 Cynthia Land,Michaelside,Utah,21561,-14.531956,-63.541394
Danielle Tyler,52,6256 Andrew Greens Suite 816,New Ryanbury,Oklahoma,93555,-145.901395,13.247252
Melody Leblanc,51,3600 Bonnie Shores Apt. 362,West Stephen,California,55711,-122.910017,85.060916
Chad Mcknight,52,41707 Thomas Stravenue Suite 736,Christinefurt,Tennessee,17587,-89.985647,-18.1834275
Elizabeth Brown,35,89147 Parker Green,Duncanborough,Wyoming,12248,-154.360973,23.019834
Dennis Knight,22,2721 Woodard Way,New Meghanton,Utah,19173,-151.402355,59.3091805
Tiffany Martinez,32,07039 Johnson Isle Apt. 124,Torresbury,Louisiana,60400,12.683695,79.2071825
Ruth Sandoval,31,388 Daniel Turnpike,Robertborough,Missouri,41534,-17.997994,-89.359623
Theresa Miller,71,366 Ross Unions,Port Tiffanyhaven,Wisconsin,49348,47.264081,-21.711717
Connor Guerrero,67,35869 Andrew Ramp,Bensonland,Kansas,67832,143.325988,-47.1200365
Jennifer Rodriguez,57,48889 Stokes Centers Apt. 033,East Sharontown,Nevada,74602,143.999590,-89.192601
Devon Watson,33,5473 Figueroa Brook Apt. 230,North Emily,Rhode Island,13246,16.043820,-1.6102575
Curtis Roy,44,85353 Kennedy Branch,South Samanthaborough,Louisiana,25765,1.628650,66.956414
Lydia Johnson,27,825 Davis Turnpike Suite 386,West Julieburgh,Iowa,97110,154.967198,61.809132
Samuel Lawrence,53,77033 Le Light Suite 659,Jenniferfurt,Maryland,17876,-83.986314,-82.3325165
Glenn Compton,59,784 White Divide,North Brian,North Dakota,88534,-49.733519,-54.1902855
Morgan Shaw,19,29874 Curtis Orchard,Port Phillip,Missouri,80346,31.775820,-0.6318325
Philip Brown,63,740 Jesse Inlet Suite 266,Maryfort,Ohio,50282,143.021485,10.572156
Nicole Roman,48,1983 Tonya Plaza,Fordberg,Maryland,56416,-125.760748,37.245915
Elizabeth Hernandez,70,0604 Moody Plaza,North Debbiestad,Louisiana,23078,-45.083450,7.199548
Marissa Christian,80,9422 Miranda Shore,Kathleenberg,Mississippi,73189,-42.937350,73.626738
Laura Edwards,34,28275 Regina Drive,North Ashleyborough,Missouri,20613,128.747550,69.973838
Laura James,30,68855 Huffman Wells Suite 705,Hernandezmouth,Kansas,29072,-35.881379,-42.4307385
Abigail Chapman,46,9679 Richard Valleys Suite 284,Lake Deannahaven,Pennsylvania,45720,119.959654,21.1458055
Michelle Burns,77,166 Robert View,Port Beth,Alabama,81308,-110.747787,11.482616
Eric Reynolds,26,48279 Mercer Island,Sanchezshire,Washington,03031,49.687677,10.136357
Karen Goodwin,53,82892 Patricia Stream Apt. 951,Watsonhaven,Washington,74155,-96.641886,76.126030
James Vargas,41,692 Hodges Forest Apt. 190,North Amandaburgh,Montana,13676,131.987926,-9.024250
Kristie Shaw PhD,42,037 Richardson Crossing,Dixonport,Florida,06852,177.619746,-4.870860
Sarah Lopez,75,4857 Williams Highway Suite 581,South Lisafort,Minnesota,14085,-23.468475,-73.498028
Nicholas Gonzalez,40,961 Katrina Prairie Apt. 823,Martinezberg,Pennsylvania,14744,14.229443,-6.407820
Antonio Kaufman,68,1093 Johnston Flat,Higginshaven,Florida,64846,-169.440736,14.1564395
Samantha Mckenzie,56,2384 Robin Falls,Ashleyport,Washington,64495,-161.514607,-39.159568
James Sanchez,53,91958 Kimberly Groves Suite 386,Brendaberg,Louisiana,57776,-163.685458,-25.120350
Leslie Patel,24,50006 Darryl Club,Palmerville,Utah,56984,-5.012641,59.6326525
David Hall,27,63808 Denise Rest,Mejiaside,Utah,80815,-65.187995,65.5665445
Clayton Hicks,32,364 Brian Mall,Lake Joyceport,South Carolina,11179,-94.545098,29.0070615
Peter Green,70,070 Ruben Harbor Apt. 153,Lake Michael,Colorado,59925,129.902351,-89.7865885
Kyle Jackson,43,63883 Stephen Meadows,Williamston,Florida,23775,-110.360790,-39.730981
Adam Richardson,38,83677 Wong Viaduct Suite 627,Kristentown,Kansas,42137,2.545996,58.791109
Jodi Reid,75,4481 Reyes Summit Suite 685,Garciaville,Alabama,39098,43.600984,13.9563295
Erica Curtis,26,8584 Alex Shores,East Connortown,Illinois,20067,159.067377,74.2682075
Edward White,71,49037 Christina Valley Apt. 572,Bensonland,Arizona,43895,-155.467564,-16.357645
Misty Nash,26,910 Belinda Walks,Garcialand,North Carolina,47442,50.617271,2.004091
Rachel Pennington,61,52552 Ethan Ports,North Victor,Oklahoma,11376,-143.980644,-62.472247
Lisa Riley,49,4158 Armstrong Track,South Lawrence,Idaho,72142,-93.100253,-44.0955475
Erin Hicks,43,582 Gomez Isle Apt. 574,New Jamesstad,Connecticut,38817,-8.394068,40.444139
Brandon French,44,30525 Nicole Loop,East Whitneybury,Florida,36274,174.363613,-6.478479
Jeffrey Gomez,45,94035 Hobbs Forge Apt. 638,Port Darrell,Wisconsin,08697,-133.762998,22.6553785
Samuel Brown,46,05804 Vicki Island Apt. 129,Barbarahaven,Virginia,23560,-40.720595,71.813220
Adam Reyes,53,547 Moore Mills,North Heatherberg,Nebraska,76984,-58.192780,-70.708131
John Smith,38,65138 Deleon Place Apt. 947,North Nicole,Rhode Island,93427,-37.324664,81.529567
Christopher Gonzalez,65,497 Wu River,Port William,Minnesota,35564,-42.779033,77.8444935
Shelby Silva,18,3381 Jennifer Landing Suite 034,West Craigport,Nebraska,08175,162.498049,-80.1352635
Lauren Williams,29,562 Christine Harbor,South Tammyborough,Massachusetts,86981,-45.489644,51.668904
Sally Watkins,66,400 Vanessa Way,Schmidtfort,Ohio,51424,152.187869,-23.308052
Linda Holloway,79,97081 Hood Glen,East Maryburgh,Rhode Island,21795,119.632399,-62.250493
David Delgado,23,809 Lynn Loaf Suite 695,Ashleymouth,Nebraska,51141,-51.863546,-17.5240435
Brittany Alexander,18,803 Trujillo Track Suite 630,Morganberg,Utah,29526,-90.284434,66.5649015
Paul Turner,55,07949 Santos Row,Ericksonstad,Washington,63673,-135.297574,-76.496129
Michael Hawkins,27,3461 Yvette Port Apt. 185,Lake Toniberg,Wisconsin,09072,-13.564802,-82.887574
James Sanchez,35,16735 Dean Field Suite 275,Williamsstad,Missouri,75197,120.101447,-75.436888
Joshua Hensley,48,8204 Higgins Springs,Glennberg,Iowa,89802,-64.292496,-43.8269835
Vickie Melendez,21,036 Christina Walk Suite 264,Feliciafurt,Arkansas,94656,17.601480,-17.5386655
Michelle Silva,18,13641 Leslie Lights Suite 888,North Wendymouth,New York,23445,-32.203794,-72.253742
Philip Torres,72,0829 Wagner Squares,New Robertchester,California,77784,-145.639877,58.243124
Mrs. Laurie Howe,18,46347 Norris Village,Port Johnburgh,Maryland,86732,-117.495885,-33.8677465
Angel Hernandez,70,244 Ayala Bypass,New Philipport,Missouri,89258,-9.734939,-13.990319
Melissa Hernandez,69,89700 Robinson Mews,Paulton,South Dakota,69669,-2.320820,70.100509
Jacqueline Harris,80,9712 Mckinney Fort,Port Davidville,New Hampshire,77838,53.221766,88.469379
Kelly Ramirez,58,365 Sanchez Radial Apt. 399,Brendafort,Utah,28551,-19.901420,-16.8875195
Michael Gonzalez,75,75873 Eric Port,Christineshire,South Carolina,82190,-32.075992,1.8879115
Eric Huang,29,040 Lewis Avenue,New Danielville,Kentucky,21302,-92.487189,-84.077400
Angela Castillo,58,477 Jackson Green,New Donaldville,Connecticut,59192,16.883289,-87.3516775
Patricia Smith,67,386 Dunn Island,Lake Nicholas,Texas,90781,161.936774,-81.9746985
Ryan Walters,77,2587 Guzman Stravenue,East Stanley,Florida,69128,112.749235,21.193326
Jason Wiggins,47,346 Mary Port,West Stephaniehaven,West Virginia,73847,42.892112,64.7220355
Cameron Morales,26,484 Zoe Field,East Shirleymouth,Georgia,35875,-91.268238,71.038635
Antonio Lopez,40,4041 Joshua Junctions Apt. 842,New Kaylabury,Indiana,78896,57.744117,-38.431461
Michael Lee,35,012 Dunn Fields,South Matthewmouth,Kentucky,52440,114.690249,-64.471650
Joel Bolton,23,623 Dawn Pass,Collinshaven,Illinois,04394,34.156631,49.5019905
Amanda Walker,21,6954 Caldwell Islands Suite 191,West Amandafurt,Virginia,01093,44.646919,67.733922
Christopher Cooper,52,760 Timothy Estates Apt. 412,Rasmussenstad,Massachusetts,29610,-19.570314,48.0517495
Larry Anderson,53,545 Roach Grove Apt. 618,West Johnville,Washington,08022,-56.901443,-79.424276
Mercedes Mccall,72,23807 Johnson Port,Port Brianna,Georgia,30949,-153.233716,5.522367
Samantha Castro DDS,20,4869 Taylor Spurs,North Juan,Connecticut,71038,86.493825,-30.0135195
James Jones,35,54152 Krystal Viaduct,South Mark,Utah,31265,132.145980,76.203853
Barbara Hoffman,29,0533 Ward Forges,Phelpsmouth,Texas,40984,148.752372,-67.6585155
Dana Knapp,18,117 George Shoals,North Joseph,Rhode Island,02083,-110.907381,67.054385
Adrian Edwards,24,643 John Row,New Monica,Massachusetts,96479,60.907112,42.970758
Jessica Bush,75,509 Heidi Brook Suite 553,West Amanda,Michigan,72171,-20.456489,-6.5422235
Matthew Lane,76,4010 Cardenas Harbors Suite 312,Evanstown,Oregon,37242,124.310820,2.756732
Patrick Lozano,55,136 Cummings Row Suite 695,Wattsmouth,Maine,98353,-126.850810,74.7734115
Robert Powers,36,670 Johnson Creek Apt. 681,Laurenland,North Dakota,57952,-76.733769,-4.977694
Kathy Lee,36,866 Scott Club Apt. 713,South Juliafort,Alabama,55666,102.678825,69.124634
Joshua Clarke,61,01408 Scott Garden Suite 858,Port Michael,Missouri,41284,-61.928700,-55.1359775
Katherine Martin,67,72323 Rebecca Summit Apt. 293,Richardsonton,Virginia,57015,179.406996,-51.022995
Mrs. Abigail Singleton DDS,43,352 Camacho Freeway,Port Antoniofurt,Washington,45954,-71.735607,-43.7446415
Elizabeth Nelson,45,9365 Patterson Avenue,Ruizview,New York,05810,65.414132,62.2691005
Steven Li,75,49867 Lucas Common Apt. 365,Tracymouth,Texas,54038,107.552360,33.758911
Andrea Newman,20,449 Connie Ford Suite 096,Lake Meredith,Maine,38525,86.999111,-25.609256
Kimberly Rodriguez,76,6020 Austin Vista,Michaelton,Missouri,81670,10.376948,22.4552375
Kristy Smith,70,70861 Payne Tunnel Suite 346,Jessicafort,West Virginia,91588,-88.216423,0.565051
Joseph Ellis,34,082 Kristen Courts Suite 600,Port Samantha,Wisconsin,63302,28.486987,67.8370675
Elizabeth Gomez,54,09768 Brooks Islands,Steventown,Maryland,08541,86.393311,-58.9304645
Samantha Gibson,75,44887 Amber Junction,Keithtown,Rhode Island,56551,-167.449832,-60.077735
Mark Costa,39,738 Green Square,South Kennethfort,Arkansas,41447,21.001532,67.8257695
Stephanie Cole,60,8033 Allen Ford Suite 679,East Maryville,New York,77752,41.767689,51.740457
Gregory Paul,44,7945 Michele Falls,East Deborahton,Michigan,35293,168.281629,-79.872526
Jerry Glenn,32,1228 Lisa Forge,Lake Troy,New Hampshire,35540,24.777867,16.968616
Noah Murillo,51,057 Evans Track Apt. 519,East Kendraland,South Carolina,87459,161.512901,42.822960
Michael Walker,67,1614 West Mews Suite 636,South Saraview,Mississippi,09405,111.396646,-82.010092
David Strong,38,027 Zachary Light,Port Maryport,West Virginia,90355,-91.351083,51.2335615
Larry Bradley,27,36903 Hunt Fork,Rodriguezborough,New Hampshire,48395,-146.008212,24.4384125
Kara Adams,80,2599 Bradley Light,Lake Katherine,Massachusetts,98665,-40.852693,-9.590313
Brandon Watson,45,4942 John Center,East Sharonside,Florida,95752,87.725230,87.490052
Richard Collins,76,196 May Hollow,Jacobburgh,Hawaii,05061,134.798083,-8.3226155
Jerry Perez,64,847 Greene Stravenue Suite 215,South Kaitlynchester,Wisconsin,81121,-24.605909,40.002006
David Holmes,37,8599 Tammy Burg Suite 442,Lake Hannah,Indiana,21905,2.990889,17.186798
Kevin Serrano,53,0075 Thomas Center Apt. 112,Taylorburgh,Ohio,14637,59.935795,-63.994833
Charles Santos,42,2323 Joshua Avenue Apt. 483,Jordanstad,Kansas,97653,-36.679798,-85.5130695
Michele Grant,69,45504 Elizabeth Hollow Apt. 962,North Veronica,Maryland,79513,-28.543169,-63.899533
Nicole Jenkins,31,71316 Allen Locks Suite 387,Sampsonborough,Rhode Island,42719,-86.718253,36.709993
Jesse Choi,52,730 Rebecca Stream,Port Johnbury,Montana,15072,-52.498855,15.795644
John Duran,26,9072 Brent Drive,West Lindsay,Utah,15679,-61.137868,-64.585481
Dana Perkins,72,4748 Sanders Throughway,Justinville,New Mexico,93216,-27.892087,-73.463346
Kevin Faulkner,68,210 Carrie Spur Apt. 432,South Michelle,Texas,97010,-177.071099,61.454982
Joseph Edwards,51,8119 Annette Squares,Suzannechester,Connecticut,86489,13.848072,51.9037555
Gabriel Alexander,53,875 Jamie Port,Chenton,Missouri,64305,-12.467974,33.958566
Shannon Baker,53,944 Joseph Court,Williamfurt,North Dakota,91073,45.213153,-13.7871335
Nicole Wong,54,318 Kyle Island,South Ana,Oklahoma,44777,-73.556881,10.9805335
Julie Jensen,26,8995 Holloway Coves Apt. 867,Taylorhaven,Wyoming,77761,34.096474,42.969433
Pamela Johnson,72,148 Hill Mill Apt. 773,Fredhaven,Hawaii,13229,59.587169,53.2264815
Hannah Williams,25,79849 Hernandez Square Suite 217,Rossshire,Wyoming,77218,-158.114194,54.421778
Carol Cabrera,52,3508 Shawn Parks Suite 937,Brayshire,Vermont,99097,-168.483174,56.076008
Jason Mason,68,00072 Miranda Greens,Cynthiafort,Rhode Island,26649,68.728101,5.0463865
Renee Raymond,29,091 Rice Branch Apt. 181,Townsendfort,Oregon,34226,-81.292816,-56.7435735
Jennifer Anderson,79,1021 Cruz Lane,New Michelleburgh,Texas,26591,-18.243106,11.820558
David Morris,71,87758 Jesse Burg Suite 084,North Dwaynehaven,Alaska,80606,-48.359635,-12.6667505
Tina Mcclure,40,50004 Tina Hill,New Crystalborough,Nebraska,92964,48.204434,-63.227284
Carrie Frank,77,8639 Jose Gardens,Lake Marymouth,Tennessee,40620,-124.484810,-51.462546
Thomas Charles,51,66725 Smith Point Apt. 412,Tonyafort,Vermont,06071,66.374961,-27.4388285
Michael White,67,14006 Andrew Trail Suite 493,North Anthonyfort,Mississippi,25589,-109.773232,-71.898589
Kristy Robinson,47,3897 Leonard Rapids Apt. 158,Stevenmouth,South Dakota,91649,-149.387695,13.3122515
Dr. Michael Freeman,39,98732 Miller Trafficway,Avilafort,New Hampshire,14095,-129.267435,70.964476
Philip Newman,69,3355 Jenna Parkway,Andreaside,New Jersey,87820,96.235665,-81.947721
Brian Floyd Jr.,77,3592 Michael Turnpike Suite 235,Port Michael,Pennsylvania,24358,112.260703,8.8097225
Craig Sellers,48,69549 Hopkins Wall Suite 757,Lake Christinaland,California,61470,-89.111751,60.3364455
Kayla Mills,79,759 Darryl Knoll,South Lucas,Wyoming,65380,-139.335183,65.0293855
Jennifer Chavez,78,4049 Veronica Forks Suite 159,Hayesmouth,South Carolina,86301,40.217131,-35.9780375
Keith Miller,20,626 Norton Terrace Suite 080,Rickystad,Pennsylvania,34375,-146.831449,-30.579443
Vincent Wright,28,10500 Torres Forges,West Amyfort,Alaska,12683,54.462602,-78.4758275
Robert Johnson,76,157 Jeffrey Station,Chavezville,Hawaii,57854,13.422655,74.7984435
Jennifer Carlson,28,01948 Cory Greens,East Williamborough,South Carolina,42543,-34.954058,-43.6962505
Harry Ruiz,29,2498 Cox Village Apt. 029,Walterbury,Indiana,99688,-162.721102,23.770270
Deborah Moore,62,8602 Darrell Vista Apt. 475,Deleonborough,Vermont,66784,-35.789646,69.9969465
Matthew Obrien Jr.,28,41824 Marco Falls,Lake Brittany,Oregon,64456,-5.779821,-2.018876
Michael Jimenez,59,01999 Cantrell Bridge Apt. 893,West Lindsayview,Alaska,45139,-116.102677,67.0057995
Deborah Garcia,69,43829 Eric Parks,Carterside,Rhode Island,08186,60.102703,-83.264201
Jacob Reed,25,343 Ramsey Summit,New Aaronland,Nevada,41919,156.780118,-37.8679965
Christopher Morgan,37,634 Parker Villages,Montoyamouth,Utah,18147,-29.947512,-20.3704205
Samantha Hernandez,55,786 Klein Crescent,Petersbury,North Dakota,58189,9.861243,-32.676078
Gabriella Vaughan,62,0617 Audrey Plain Suite 285,West Kristystad,Montana,48631,158.879770,66.665239
Tammy Davis,20,69283 Elizabeth Circles Suite 217,North Rebecca,North Carolina,69155,-41.702688,-61.591522
Lucas Potts,39,912 Brooks Knolls,Jameshaven,Nevada,88816,-160.925489,-77.2526705
Amanda Campos,20,417 Stein Stream Apt. 867,Ronaldland,California,95883,40.797825,68.387107
Paige Williams,71,90420 Jeremy Mountain,South Gloriachester,Georgia,79837,117.810299,3.991205
Melissa Zimmerman,46,3797 Emily Streets Apt. 990,South Jillian,Illinois,47240,-94.579243,-74.9842575
Brian Ellison,59,5350 Lisa Cape Suite 442,Parkerland,Colorado,79815,151.595896,3.1307925
Andrew Booker,48,5926 Hughes Grove,Trujilloville,California,45763,-101.295850,-17.4974345
Andres Terry,58,873 Mccormick Valleys,Blairfurt,Kentucky,52800,-101.651422,30.014216
Jesse Long,56,161 Leslie Village Apt. 720,West Kathleenmouth,Colorado,54627,-2.805179,-78.512640
Donna Ford,27,05918 Charles Motorway,Montesborough,Indiana,36417,130.170857,32.382012
Ashley Cruz,53,4496 Villarreal Drives Apt. 853,North Audrey,Vermont,79898,-90.698051,-30.5008485
Kristin Cooper,71,45906 Christopher Harbors Suite 188,South Karen,Nebraska,95190,161.529229,84.9970285
Cynthia Morgan,46,91142 James Village Suite 307,West Jonathan,Connecticut,43723,-125.455613,-74.027096
Deanna Bentley,80,4072 Hardy Terrace,Johnathanton,South Carolina,28630,-168.565694,31.157264
John Lee,74,1202 Cory Heights,Andrewton,Delaware,69190,115.099966,0.6448025
Dawn Marsh,73,0195 Amber Run,West Jamesfurt,Delaware,62456,157.367174,-81.3934845
John Crawford,47,31941 Harvey Wells,Tapiaberg,Mississippi,25439,-155.158100,6.3224415
Amanda Hayes,57,034 Nicole Land Suite 149,New Davidburgh,Wisconsin,67903,-136.263629,-73.2123195
Douglas Smith,22,693 Short Ville Apt. 551,Guerrerostad,Georgia,75771,-106.429501,-80.8408165
Kenneth Robinson,45,664 Vasquez Pine,New Bettytown,Wisconsin,87164,-158.503913,-56.2388155
Richard Robinson,50,6417 Shawn Shoals Apt. 987,Brownton,Ohio,11393,-58.355713,-51.5335345
Scott Sweeney,28,54242 Jason Courts Apt. 270,Brendafurt,Oklahoma,57081,-133.469376,20.735760
Matthew Norris,67,097 Mary Junctions,Port Curtischester,Hawaii,15187,-128.553649,-12.862747
Misty Craig,20,024 Tracey Shore,West Aaron,Maryland,68079,-91.702541,45.509245
Toni Moore,43,3945 Richard Pass,Jeffreyfurt,New York,33864,-147.240936,25.823440
Kimberly Lee,55,55241 Martinez Throughway,Changbury,New York,57962,160.572906,15.248033
Jessica Chang,18,4369 Craig Islands Apt. 840,East Shawnstad,Iowa,16201,108.171942,-62.820946
Lawrence Allen,55,745 Thomas Spurs,Port Shannon,Wyoming,77749,73.883379,-67.3312825
Benjamin Underwood,59,240 Matthew Way Suite 787,Toddtown,Maryland,25358,160.513934,-36.389426
Gabriella Valencia,71,978 Bell Via Suite 572,Vargasfurt,Maryland,78092,111.419872,-45.0510335
Beth Brown,54,30621 Alexander Station Apt. 316,Hernandezview,Utah,75080,-106.902526,-89.151673
Julie Hayes DDS,32,3909 Hall Wall Suite 468,West Anna,Illinois,95827,79.695235,5.0845075
Chad Bernard,27,0293 Mark Key Suite 264,East Michaelton,Rhode Island,52962,-73.914108,-2.0139385
Tara Cox,20,26341 Yesenia Curve Suite 514,Cameronhaven,Oklahoma,52792,35.791117,42.1888735
Dr. Catherine Cooper,39,0266 Ian Glens Suite 736,Masonshire,Virginia,36267,74.875308,-20.888817
Maria Woods,23,9179 Lawson Prairie,New Bryceton,Utah,12467,-129.524886,21.211452
John Salinas,70,769 Heather Circle Apt. 411,South Kristatown,Idaho,65330,-148.294468,3.433388
Kim Shea,26,9942 Cooper Roads Apt. 596,New Craig,South Carolina,68277,-124.721899,5.742231
Betty Wall,74,1140 Davis Pine Apt. 771,Lake Marymouth,Wisconsin,37237,66.719993,-62.710131
Amber Adams,51,1751 Gill Glen,North Andreaview,New Hampshire,47259,149.648118,-87.0536665
Clayton Wilson,46,307 Davis Fork Apt. 787,Sandrabury,Georgia,73855,-132.435696,-43.826804
Stephen Flores,65,470 Cook Station Apt. 209,Valerieburgh,New Hampshire,03817,168.015219,1.872315
Wayne Johnson,62,2435 Martin Plaza,Lake Kevin,Maine,16439,53.534272,-37.4168465
Karen Chapman,80,3959 Carl Grove Suite 771,Paulview,Mississippi,67921,-59.081691,9.5985825
Gary Thomas,78,5082 Barbara Station,East Jonathanport,Delaware,37833,-92.850567,-3.499897
Todd Hodges,75,57034 Weaver Ridge Suite 990,North Julie,Vermont,33676,-75.802583,-65.9209335
Holly Galvan MD,71,6648 Caroline Grove Suite 219,West Melissashire,Indiana,90773,147.190235,-21.7396215
Kathryn Salazar,63,62174 Hall Springs Apt. 334,East Alexandershire,Texas,15345,13.958982,59.7450245
Peggy Hunter,61,04452 Horton Land,North Stephenside,New Mexico,43023,-50.196121,32.562851
Elizabeth Whitaker,41,191 Pena Point,North Brianview,Texas,07751,-93.276181,61.3778495
Mrs. Rachel Leach,77,909 Velasquez Stream,Brownfort,Hawaii,08360,89.623748,3.0801735
Brenda Schultz,28,5328 Boyle Valley,New Samanthaborough,New Mexico,81077,-118.745733,32.425910
Donald Burns,21,4730 Harvey Cove Apt. 058,Burnschester,South Dakota,91190,-134.468017,-9.902814
Christopher Bryant,59,443 Walker Inlet Apt. 169,Jenniferton,Wisconsin,83121,163.589245,25.497458
Christopher Lamb,57,0525 Holland Loaf,Garciamouth,Alaska,81007,-80.604115,55.805257
Joseph Roberts,33,485 Ferguson Plain,Kylemouth,Indiana,27421,146.664431,-60.712825
Kimberly Norman,41,332 Hayes Greens Suite 665,West Teresafurt,Indiana,47545,-69.820141,40.295124
Michelle Hansen,62,730 Corey Groves Suite 241,Susanstad,Arkansas,77070,35.090813,49.2779145
Teresa Rose,24,13429 Dominique Ridges,Stephaniehaven,Massachusetts,44726,-38.644176,45.944578
David Chandler,24,801 Decker Cove,Amberburgh,Indiana,68555,112.940931,-39.2712365
Lisa Moore,29,85521 Thomas Route Apt. 711,Port Markside,Nevada,21335,42.940471,-47.0178165
Lori Stafford,38,1126 Rose Ranch Apt. 633,New Abigail,West Virginia,91621,-90.195248,89.2810385
James Wells,55,43416 Foster Greens Suite 630,North Samanthaburgh,Missouri,80576,-170.914028,42.241072
Robin Donaldson,33,088 John Manor Suite 073,Whitakerburgh,Texas,43887,64.841933,-66.982787
Kevin Lewis,55,15785 Thomas Pike Apt. 020,New Maria,Iowa,43067,-161.734603,9.255594
Derek Bautista,79,9504 Ricky Freeway,East Lori,Nebraska,44674,-173.445028,4.336170
Lynn Adkins,20,9798 Serrano Parkways Apt. 774,Jacquelinefurt,Arizona,74277,-130.507677,74.2861615
Jennifer Sherman,60,4699 Reed Crescent Apt. 693,West Kimberlyburgh,Iowa,31930,120.229034,-76.8456365
Calvin Hanson,50,573 Eaton Orchard,Thomasmouth,Oklahoma,33775,157.641670,-61.5815435
Oscar Sims,26,456 Shaw Tunnel Suite 892,West Jessicaview,Georgia,74458,-25.643945,62.0259565
Adam Johnson,37,8341 Thomas Throughway Suite 084,Fowlerburgh,Pennsylvania,17267,145.318981,-37.355024
William West,44,612 Hicks Street,South Jonathanview,Utah,44741,-98.019467,31.5740435
Stefanie Clayton,49,9252 Alexis Ridges Apt. 802,North Patrickhaven,Georgia,21056,-48.384118,-58.4682395
Alan Davis,72,464 Wu Plain Apt. 929,Lake Christineside,Hawaii,79177,-83.399749,14.9431765
Lynn Campbell,38,721 Perez Row Suite 581,Galvanview,Maine,60398,173.266549,-14.493778
Mr. Daniel Miller,29,885 Tina Parkways,East Joshuamouth,Florida,43918,13.544974,70.2098245
Patricia Bright,74,46042 Nicholas Vista Suite 749,Port Andres,New York,01064,-139.390783,-52.387027
Frances Tran,71,5344 Tara Drive,Maryland,Louisiana,60768,13.730690,54.5425205
Jennifer Ray,53,30724 Cynthia Crest,Michaelhaven,Michigan,68274,147.616421,5.2954125
Amy Woods,39,4939 Mark Port Apt. 047,Johnchester,Louisiana,75529,3.732960,-82.462940
Melissa Miranda,22,164 Kim Expressway,East Susanbury,Louisiana,96909,121.456417,39.825065
William Campbell,22,6599 Anderson Streets Suite 723,New Crystal,Oklahoma,78990,-72.192854,-58.9354165
Dr. Rick Miller,70,89882 Alice Keys Suite 772,East Michaelview,Wyoming,70947,-119.646032,-67.7511825
Sheila Thomas,79,3117 Cook Junctions,New Christian,Vermont,33212,-104.062498,42.226788
Sally Ramirez,24,05237 Richardson Ford Suite 126,Millerbury,New Jersey,91650,86.260740,-9.485564
Amy Ortega,71,9538 Jesse Causeway Suite 250,South Robertville,Connecticut,02939,114.851792,0.0611905
Gary Wright,30,130 Paul Manors,Callahanville,Hawaii,57881,-73.114997,86.378738
Anthony Vaughn,44,571 Jacqueline Courts,Barnesside,Colorado,71399,-77.463871,-1.6761115
Diana Sullivan,28,526 John Place,New Andreamouth,Tennessee,25672,-86.655983,-52.1859355
James Dawson,28,174 Dan View Apt. 520,Port Michaelaville,Virginia,07128,167.407246,68.6789655
Ian Wilson,22,5991 Johnson Wall,Hernandezview,North Dakota,72523,-17.488689,-59.9940675
Julian Thompson,41,794 Angela Prairie Apt. 379,Mendeztown,North Dakota,25677,162.308056,-39.7676305
Melissa Andersen,25,671 Sherry Haven,Jacksonborough,North Carolina,90243,69.454717,8.999399
Amanda Harris,30,71136 Maureen Pass Apt. 646,South John,Michigan,95307,16.855021,-19.5175145
Marvin Jimenez,24,59922 Randall Highway Apt. 022,Wardshire,Arkansas,31667,0.603086,45.5804505
Joseph Dean,79,2296 Kristina Orchard,Port Elizabethfort,Texas,07527,-58.605871,74.398824
Cassandra Wyatt,29,44446 Mikayla Pine Apt. 257,North Chadberg,Mississippi,67867,-157.778315,88.1029135
Justin Burch,35,2948 Molina Lock,Harrischester,Idaho,75813,-156.916227,28.7320975
James Bird,24,1442 Timothy Wall,West Ryan,Maryland,39057,-137.206113,-2.841121
Kimberly Miller,56,655 John Harbor Suite 269,Loriville,Indiana,93189,-143.519360,-71.063087
Stephen Watson,18,828 Kathleen Trail,Lake Brianchester,Texas,54392,-66.628716,-13.2197675
Jordan Thomas,29,685 Moody Inlet,Matthewfurt,Delaware,38316,-103.128925,-19.153241
Ashley Tran,55,4059 Johnson Groves,New Ryan,Rhode Island,66886,-139.685504,-19.7431955
Brianna Brandt,55,0590 Jeffrey Bridge Apt. 120,West Biancamouth,Maine,35447,-71.055753,19.6457865
Kimberly Crawford,63,5600 John Cove Suite 376,Robertside,Washington,42429,18.528417,-36.1114845
Christopher Taylor,56,53048 Michelle Harbors Suite 946,Sellerston,North Dakota,94727,-3.756076,-19.187352
Kimberly Evans,29,35150 Joshua Corners,South Wesley,Kentucky,21043,-151.231968,-12.5214055
Anthony Ruiz,77,189 Cameron Highway Apt. 312,Lake Rose,New Jersey,35993,-44.649294,-26.223145
Jamie Mills,75,98457 Lisa Walks,Karenville,Iowa,00565,-0.807005,81.074213
Nichole Rodriguez,58,724 Steven Terrace Suite 261,South Ronald,New Hampshire,88256,41.981145,-17.720112
Janice Willis,44,05189 Michael Orchard,Vargasmouth,Oregon,25995,-70.256148,-33.877284
Justin Estrada,18,5821 Rice Parkways,Ericafurt,Pennsylvania,78545,133.852120,43.9079975
Christine Robinson,31,1102 Gary Stravenue,Richardside,Nebraska,02545,-65.569701,-53.7714535
Matthew Newman,41,268 Keith Plains Suite 890,West Andrewchester,Utah,66897,105.614892,-20.961410
Taylor Webster,42,90146 Carroll Ridges Apt. 845,South Christopherborough,Vermont,05469,-62.874302,73.4622825
Amy Hamilton,76,129 Guzman Forges Suite 708,Miketon,South Dakota,66777,103.725134,-64.903677
Emily Allen,42,32926 Kathy Fork,Lindatown,West Virginia,60404,98.296236,-35.3137965
Sara Flores,49,997 Ramirez Manor Apt. 179,East Cody,New Mexico,74405,137.292307,-50.1292905
Mitchell Williams,37,7976 Knox Mission,Jacobside,New Hampshire,66884,-80.796278,-34.698952
Christina Jones,62,068 Barbara Ville,South Kayla,Ohio,86064,-176.728373,-67.703336
Amber Mercer,44,67796 Robert Fields Apt. 675,Kimberlyborough,Nevada,57912,133.411978,61.4535955
Charles Mcintyre,38,9034 Vincent Haven,West Alan,Alabama,79121,-49.086781,-70.336080
George Jenkins,75,65293 Elliott Overpass,Camachofurt,West Virginia,66857,83.856392,25.064371
Aaron Hull,19,3023 Grant Heights Suite 247,Port Kevinmouth,Wisconsin,68522,-86.649288,75.4644615
Christopher Brewer,18,16059 Sharon Terrace Suite 051,Mikaylafort,New Jersey,37145,121.290151,58.9581435
Jordan Lawson,33,037 Brad Wells,South Donna,Texas,13057,-136.771579,37.6968195
Lori Bowers,23,283 Harmon Trace Apt. 221,South Wendy,Minnesota,96002,123.149666,-88.2175735
Ashley Greer,55,438 Jennifer Spur Apt. 725,East Jeffreyville,New Mexico,04140,139.226314,-11.145261
Christopher Williams,21,113 Acevedo Motorway Suite 217,Port Scott,Maine,10659,29.744689,24.847100
Paul Lynn,24,8638 Richard Freeway Suite 569,Jamestown,Washington,98757,178.716109,40.026585
John Campbell,56,89085 Chase Ferry Apt. 459,Reidville,California,08405,63.307629,58.5913085
Walter Lambert,79,8308 James Meadow Apt. 340,Wallaceside,Georgia,40701,-155.667486,79.747226
Manuel Moore,44,69974 Smith Groves Apt. 690,Lake Victormouth,Michigan,26578,-159.462606,-69.977663
Joseph Randall,65,8254 Huang Walk Apt. 525,Rogerborough,Missouri,37290,58.433287,-22.600825
Michael Kelly,50,9508 Estrada Hill,Robertston,New Mexico,37975,-19.075074,43.2389625
Jane Patterson,66,1151 Li Tunnel Suite 959,Knoxville,Ohio,30174,148.032925,-55.471900
Erik Anderson,71,050 Christopher Ferry,West Tylerstad,Connecticut,20062,92.564847,-28.3241535
Alex Brown,25,7341 Joshua Hollow,New Aaron,Utah,00850,-98.877482,-38.101365
James Moore,22,30731 Gordon Villages Apt. 872,Huynhshire,Rhode Island,05369,-123.672150,63.058919
Nathan Mcdowell,78,4560 Alexander Coves Apt. 992,East Stevenfurt,New Hampshire,09103,-100.662392,-74.055574
Toni Joseph,18,43135 Tracey Isle Apt. 472,West Lauren,Utah,72913,71.096835,7.122775
Danielle Greer,45,803 Stephanie Bridge Apt. 328,New Valerie,Vermont,48961,-71.060315,65.8324305
Michael Schmidt,22,716 Patel Flat,West Angela,Hawaii,49348,68.145226,10.4846735
Lisa Lawrence,71,20242 Pitts Fords,Lake Melissaburgh,New Hampshire,15042,-45.884990,-26.381469
Emily Gonzales,31,048 Lori Plains Apt. 419,East Spencer,Nebraska,56152,48.293040,9.773287
Robert Nichols,65,04961 John Parks,Barbaraville,Kentucky,72849,133.020407,2.736541
Miranda Jenkins,74,0859 Martin Manor Suite 350,Lake Julie,Pennsylvania,44142,-99.882076,81.104872
Melanie Swanson,37,517 David Junctions Apt. 932,South Meagan,Hawaii,80916,-4.584312,42.3369335
Eduardo Henry,51,6546 Kevin Ridges Suite 956,West Markville,Iowa,90513,94.825894,39.912398
Sandra Baker,41,28505 Munoz Port Apt. 769,East Brandi,California,20578,-133.021104,-18.0536985
Luke Thompson,33,4882 Yoder Expressway Suite 299,New Christopherfort,Illinois,26388,90.278318,-68.8321705
Jennifer Sutton,34,69489 Timothy Run Apt. 170,Amyville,Nebraska,26703,-71.937524,66.4543795
Savannah Trevino,19,36102 Drake Islands Apt. 322,Shannonfurt,Arkansas,35836,83.116735,-49.116601
Rachel Carter,20,7526 Barrett Crossing Suite 139,East Brittany,New Jersey,11759,141.338503,31.868640
Amy Ward,50,78513 Powell Extension Apt. 589,Lake Perry,Indiana,25703,-60.109276,56.4399905
David Barber,33,9498 Rodgers Port Apt. 778,East Bethland,Kansas,23401,-143.071234,30.9741465
Meghan Eaton,61,938 Bradley Overpass Apt. 236,Megantown,California,46065,-168.652145,63.457791
Jason Kaufman,79,83030 Lee Divide,Monicaland,New York,64566,-152.086262,-41.144852
James Beard PhD,36,86645 Sarah Tunnel,Samanthaberg,Utah,73592,-70.062890,49.850941
Debbie Flores,77,7189 Garcia Underpass Apt. 521,Ellismouth,Montana,12246,5.198567,-69.2648095
Daniel Fry,21,3780 Gonzalez Views Suite 625,East Rachel,Louisiana,84547,6.145126,-81.308790
Danielle Harris,41,34945 Michael Islands,East Christopher,Montana,20720,-33.079548,52.2822735
Johnathan Chen,53,595 Gerald Drives,Michaeltown,Oregon,52925,-32.543045,-1.0892315
Sarah Roberts,80,0468 Patricia Cliff,Smithview,Washington,60263,161.964092,61.197566
Barry Frank,62,94874 Gray Passage Apt. 132,North Christinaberg,Wisconsin,88731,67.092559,-11.288993
Stacy Hall,28,13643 Bell Manor,New Terry,New Jersey,36972,-8.261302,-9.2688585
Donna Nelson,76,9254 Derek Knoll Apt. 465,South Michaelbury,Maine,48144,-172.501543,85.8366495
Danielle Espinoza,50,6990 Weaver Run Apt. 506,North Jesusville,Alabama,91955,119.687313,-72.974250
Betty Dawson,57,4907 David Oval Apt. 657,Frostfort,North Dakota,80019,-162.888810,33.2031605
Sarah Rowland,28,908 Megan Street Apt. 758,Port Michaelfort,Georgia,84560,-75.046990,37.9821695
Robert Jordan,37,287 Daniel Point,Thomasborough,Alaska,31580,-101.326527,-53.9473255
Kelly Rivas,40,4550 Gabriel Loaf,Mcdanielmouth,New York,08578,-154.752651,-68.749984
Lori Valdez,72,45685 Jeanette Villages,North Sarahton,Texas,09470,-33.450918,-10.722966
Casey Olsen,21,1093 Pamela Lodge Suite 683,Fullermouth,Oklahoma,85702,35.463724,-55.390053
Jacqueline Thomas,60,928 Heidi Fort Suite 238,North Donna,Michigan,49061,97.556311,63.2735245
Tammy Cox,58,734 Wilson Pike Suite 247,East Charles,Oregon,75892,164.227798,-58.8813935
Amanda Jackson,70,77991 Garcia Junction Suite 079,East Nancy,Alabama,26686,-43.033480,21.5129515
Tiffany Shea,30,96480 Hansen Road Apt. 095,South Anthony,North Carolina,02033,135.307942,35.3773985
Donna Smith,77,7027 Martinez Lodge Apt. 748,Shepardhaven,Hawaii,66158,31.427750,-86.5536625
Madison Montoya,21,208 Michael Ridge Suite 866,Garciamouth,Minnesota,35203,-125.868362,28.849412
Kayla Gould,80,958 Hunt Plaza Apt. 219,North Charlesville,West Virginia,82225,-22.407675,-71.789163
Jason Brown,62,82280 Kristin Via Apt. 031,North Brian,Iowa,68759,-109.829886,9.2044875
Jeremy Mejia,33,457 Vargas Springs,Christineville,New Jersey,35540,171.715656,-69.3159685
Dave Myers,42,5119 Katrina Square Suite 209,New Benjamin,Texas,14691,-16.936326,-84.1899355
Priscilla Hansen,21,73418 John Walk,East Davidhaven,Mississippi,45102,-106.087358,-47.6936575
Warren Douglas PhD,29,048 Julie Coves,East Anna,Hawaii,77663,-165.967758,-87.2138605
Edward Stewart,50,83008 Day Junctions,Port Jennifer,Montana,34060,96.031899,88.0584865
Paula Davis,75,1574 Jackson Stream Apt. 668,Port Shannonfort,Delaware,13385,81.566671,-12.6824305
Katelyn Hill,37,07880 Watson Crossing,Onealview,Illinois,98782,-67.521458,-59.613316
Dennis Jensen,52,3860 Christian Row Suite 431,Nelsonside,Alabama,57852,1.138534,88.966559
Melissa Harmon,63,3128 Phillip Hollow,Sandersfurt,Rhode Island,35647,128.484674,89.1614745
Claire Bradshaw,73,6253 Jimmy Divide Apt. 088,West Brian,New Mexico,41857,70.679200,48.3441615
Mark Miller,69,16035 Soto Courts Apt. 846,West Amyside,Florida,24670,-175.476616,-13.1719405
Alyssa Hernandez,40,44036 Vargas Street Apt. 663,Timothyland,Connecticut,09158,34.701591,72.482057
Matthew Delgado,25,581 Joseph Drive Apt. 443,New Elizabethtown,Arkansas,46461,-34.250836,-78.8893485
Jeffrey Brown,41,291 Rivas Estate,Lake Williamside,Texas,99390,-37.523464,52.5569565
Ashley Bond,45,53981 Mitchell Cove Apt. 909,West Edwardfurt,Maryland,15861,114.973525,48.0153465
Megan Schwartz,67,33681 Jones Street,Barbaramouth,New York,28369,119.047854,-34.091499
Nathaniel Lopez,63,01978 Tyler Path Apt. 597,Mooreport,Missouri,63396,43.326564,-39.9528305
Nancy Mitchell,73,48862 George Pine Suite 905,Dawnberg,Arkansas,88035,100.511083,-61.2706785
Ashley Carroll,29,95309 Jay Roads,Harveystad,Texas,19677,118.084619,-13.9233315
Shannon Lamb,42,8705 Peter Shoal,Tonyachester,Vermont,54941,-54.971987,-10.5511435
April Brady,73,33745 Catherine Green Apt. 301,South Michellefort,Alabama,99176,-102.861845,1.5165905
Alison Gonzalez,24,2139 Barnes Orchard,Patelfurt,Nevada,97698,-147.453594,-74.980671
Cheyenne Obrien,78,819 Stewart Stream Suite 705,Clarkton,Washington,43294,35.458832,-74.0201245
Robert Lee,38,500 Casey Rue Apt. 202,Lake Donaldfort,Hawaii,68114,66.673896,-30.163122
Kelly Howard,27,645 Miller Curve Apt. 841,East Vincent,Maine,01546,73.074766,-74.817591
Reginald Robertson,74,722 Gina Mall Suite 507,Zhangstad,Kansas,80356,27.932654,48.7901305
Elizabeth Collins,70,062 Welch Union,Lindaburgh,Wisconsin,26399,16.379622,-89.9776645
Thomas Thompson,31,159 Rogers Square,East Brandonside,Ohio,59226,-135.170378,59.3235245
Samuel Johnson,53,69334 John Radial,Lake Jameschester,South Carolina,10088,4.041366,3.074484
John Ellis,76,812 William Mews Apt. 849,East Jaimeside,Alabama,11729,18.210565,89.567334
Kimberly Dickson,60,701 Gray Harbor Suite 512,Hicksmouth,Indiana,96111,166.053310,-41.727832
Chad Johnson,52,262 Jones Fort Suite 373,Lake Amy,Connecticut,09909,133.395941,75.363922
William Bennett,45,065 House Junctions Apt. 462,South Kevin,North Carolina,61787,128.233640,45.1934165
Christina Lang,53,27386 Lewis Mountains,Poolechester,Vermont,60989,33.990545,55.1973675
John Brown,80,222 Caldwell Viaduct,New Monicatown,Kansas,02546,27.477811,31.8327675
Nicholas Beard,19,61323 Richard Inlet Suite 772,New Jeffrey,Vermont,50909,115.386641,7.5297325
Marissa Ashley,36,69037 Arias Way Suite 985,Lake Taylor,Minnesota,46160,-92.376243,12.889980
Daniel Shaffer,71,162 Willie Neck Suite 179,North Robert,New York,12017,121.778749,-21.454195
Katherine Bennett,26,80922 Timothy Point Apt. 849,Ronaldville,Connecticut,92925,-61.056691,89.447258
Kimberly Gonzales PhD,52,5530 Ellis Tunnel Apt. 050,Port Andrew,California,79560,11.324011,83.5357605
Tiffany Jackson,52,03334 Crystal Mountain,West Diana,Minnesota,60512,30.134718,-59.154469
Lauren Cardenas,25,60489 Pacheco Key Apt. 136,West Tracishire,Massachusetts,76989,-99.159813,-18.856674
Brittany Miller,64,984 Jessica Pine,New Roy,Maryland,18961,-169.898532,21.455627
Marvin Benton,64,6292 Bell Club,South Robert,Connecticut,88247,38.366395,-71.341386
Laurie Anderson,74,769 Jason Mall,Robinsonhaven,Montana,19295,-110.476532,-55.662259
Mark Parker,69,66076 Scott Meadow,Paulland,New Jersey,69635,143.935791,18.138255
Heather Knight,28,729 Christina Ramp,South Joelmouth,Arizona,66344,-63.885422,17.4580315
Kim Brown,52,0627 Navarro Island Apt. 757,Murrayview,Texas,32333,-155.518894,56.306368
Brian Griffin,48,43624 Hoffman Radial Suite 188,Adamberg,Maine,45072,170.782429,-8.068857
Jesus Gallagher,22,5098 Allison Pines,Tranview,New Mexico,41686,-108.794257,82.1826795
Ann Rich,24,2571 Kelsey Orchard,East Andrea,Minnesota,63860,-63.058999,52.1778965
Edward Diaz,63,651 Kimberly Prairie Apt. 567,Gonzalezfort,Hawaii,51217,132.062423,-41.7679865
Hannah Cortez,68,44278 Clark Pines,Maryport,South Carolina,93839,-82.622262,32.0567505
James Harris,29,09205 Nathaniel Center,Nguyenport,Ohio,52170,72.142946,63.824422
Lee Hall,30,705 Brenda Walks,Haleyton,Nevada,62121,-158.619987,26.8205005
Adam Wilson,28,29196 Timothy Well Apt. 795,Malonefort,Mississippi,07116,-146.511443,-41.1895285
Deborah Phillips DDS,31,521 Long Harbor,North Ricardo,Louisiana,08224,85.804286,-35.998784
Daniel Taylor,73,637 Bentley Ville,Lake Suefort,Arkansas,07310,-69.452985,-87.2705605
Patrick Hawkins,29,509 Michael Course Suite 533,Coxstad,Wyoming,52165,179.112007,20.7774595
Ashley English PhD,60,0517 Thomas Street,South Kevinhaven,North Dakota,86622,-47.335272,85.421799
Rachel Underwood,45,907 Smith Island Suite 937,New Thomas,Connecticut,39762,122.978176,-85.5762695
Edward Ingram,56,5663 Tiffany Cape,West Cynthia,Rhode Island,95406,-90.432816,-44.6613745
Maria Fowler,80,72988 Obrien Estates,North Donna,Indiana,04564,-27.105504,-47.2984355
Robert Atkinson,49,5781 Scott Flat Suite 575,Valenzuelafort,North Carolina,29289,-116.283627,23.369218
Julia Valencia,48,133 Watson Greens,Port Raymondport,Idaho,73273,7.764644,-26.149455
Justin Dean,20,696 Parker Island Apt. 483,Gloriafurt,New Mexico,84920,54.814677,-26.6378075
Abigail Garcia,19,367 Manning Ports Suite 217,Port Mikeberg,Virginia,93607,133.033971,19.2814115
Katherine Russell,72,25136 Klein Radial Apt. 933,Schultzburgh,Connecticut,93323,94.197604,-73.8710715
Jeffrey Leblanc,18,5177 Joseph Point Suite 008,Georgestad,Tennessee,83672,140.721023,59.039108
Sara Cole,21,599 Paul Estates,West James,Wyoming,39404,1.123532,-13.4248505
Mary Estrada,74,43835 Sharp Divide Suite 363,South Jaybury,North Dakota,18571,-108.348898,45.2759055
Luis Dean,50,8904 Murray Glens,Alexandrafurt,Florida,21960,43.571966,54.525897
Dr. Charles Richardson Jr.,25,508 Tiffany Fords,East Joseph,New Hampshire,72003,-25.821155,61.7371455
Amber Wheeler,70,253 Flores Estates,South Rachelfort,Pennsylvania,52278,-175.199128,39.592276
Kelly Anderson,43,651 Dustin Manors Suite 387,Alexview,South Dakota,60104,-58.172777,-64.0667075
Elizabeth Herrera,58,55050 Emily Highway,Martinmouth,Indiana,35779,137.066137,8.687556
William Washington,48,934 Hamilton Trafficway,Loganchester,Maine,86466,-135.243648,87.745830
Charles Ali,50,8779 David Manors Apt. 346,Michellemouth,Nebraska,60622,173.815638,87.4651775
Michael Estrada,42,4178 Jennifer Cove Suite 954,Port Denise,Minnesota,58412,-177.306928,17.2179355
Matthew Williams,71,506 Heather Rest,New Rhonda,Kansas,20532,-123.836921,58.070671
Cristian Martinez,62,2605 Sutton Fields Apt. 911,Matthewstown,California,40767,-48.360230,-20.0506925
Kathy Lee,21,51286 Jessica Freeway,North Karen,Massachusetts,48949,-26.349075,89.215286
Michael Davis,48,61450 Schaefer Field,North Ericfort,Texas,03388,152.286217,73.384750
Morgan Newman,60,09895 Gutierrez Burg Apt. 883,Andradeberg,South Dakota,66711,-154.158795,-21.701898
Nicole Smith,31,3335 Carpenter Mission Apt. 005,Cliffordton,Florida,54333,110.025193,-19.3872855
John Mclean,55,473 Marshall Extensions Apt. 803,Wilsonburgh,Arkansas,92212,115.812539,-35.597694
Michael Villarreal,31,380 Evans Common,New Kevin,South Dakota,53013,110.904616,-44.7929735
Monique Peck DDS,51,98585 Smith Place,Lopezberg,Indiana,82424,35.580110,-82.792160
Michael Cox,39,771 Shepard Estates,Jamesbury,North Dakota,28446,-64.116280,0.512414
Christian Perry,40,0079 Young Alley,East Sarahton,Montana,86968,-155.943759,-47.206846
Darrell Smith,62,46083 Jackson Plains,Andremouth,Tennessee,20297,75.245316,1.067821
Rachel Rodriguez,46,95966 Santos Rue Apt. 439,Danielland,South Dakota,49327,75.851351,43.6794595
Steven Cain,53,831 Elaine Road,Michealfurt,Missouri,79285,106.772456,65.108795
Todd Hayes,79,7599 Cohen Crescent,Wheelerview,Rhode Island,77410,-64.051545,-22.3423445
Kristen Crawford,56,768 Mccarthy Bypass,East Tiffanyberg,Hawaii,29583,-150.562789,-82.938604
Dr. James Duncan MD,66,02779 Campbell Stravenue Apt. 471,Davidstad,South Carolina,71196,19.586738,36.035987
Samuel Serrano,49,3671 Michael Place Apt. 096,Maryport,Washington,27728,62.680277,79.389444
Rachel Powers,64,7534 Phillips Fall,Williamsshire,Illinois,11282,90.710569,-25.166591
Matthew Lane,39,615 Renee Radial Apt. 206,Mistyhaven,Oregon,25978,96.327639,12.8163235
Joshua Hensley,69,494 Anderson Coves,New Maryborough,Washington,13374,-41.286549,-47.390748
Bridget Pacheco,23,90267 Johnson Views Suite 003,South Joe,Alaska,78689,-124.386272,-3.050119
Stephanie Mason,45,333 Misty Parkway,Port Nicholas,Maryland,60463,91.735346,-65.1955625
Whitney Jackson,25,98190 Gonzalez Pike Apt. 408,East Edward,New Mexico,17214,168.379376,-28.9407245
Melissa Curtis,34,44818 Pham Bridge Apt. 937,East Brittanymouth,Kansas,74876,48.317833,-80.893771
Thomas Dougherty,64,599 Johnson Springs,Riveraberg,Maryland,85431,-40.985767,17.926697
Angela Bridges,22,72396 Adam Fall Apt. 019,Leonshire,Wyoming,11594,-173.265891,62.754148
Edward Ellis,32,7304 Vincent Oval Apt. 749,New Katherine,Montana,93771,-61.390102,82.7048195
Richard Day,57,014 Lawrence Loop,Port Michaelview,Illinois,30595,-144.978975,-78.733884
Scott Jackson,73,3890 Maria Harbors,West Miguelbury,Alabama,93195,-167.169107,-0.0167245
Deborah Stevens,33,620 John Inlet Suite 495,Milesview,California,23850,58.517306,-49.434026
Kelly Whitney,18,354 Colin Oval,Oliviastad,New Jersey,59737,12.402766,-82.6369295
Charles Hurst,31,78027 James Mountain Apt. 963,Jenningsmouth,Delaware,72295,-11.202192,-53.6206355
Barbara Hall,52,464 Stephen Knolls,Walkerhaven,Montana,84583,156.713823,12.338945
Kimberly Williams,46,47086 Moses Drive Apt. 065,Lloydmouth,Missouri,20760,-9.026358,-68.280481
Amy Cohen,31,762 Amanda Plains,Cookmouth,Missouri,04342,31.587469,38.3821665
Jason Yang,71,868 Rebekah Gardens Apt. 502,East Robert,Oregon,55187,50.333220,54.1652275
Margaret Singh,18,9555 Melissa Mission Suite 095,New Sharonshire,Oregon,32703,-12.936511,51.2968895
Julie Bowman,69,154 Scott Tunnel Apt. 542,Lake Tony,Louisiana,50594,26.484793,84.009519
Douglas Shaffer MD,71,6832 Nelson Extension Suite 227,South Kristenberg,Iowa,87931,-31.655874,-27.811029
Andre Gomez DVM,52,9238 Morgan Mountain Apt. 492,Jamesfort,Alabama,01905,19.610691,8.779854
Cynthia Brock,73,49779 Riley Tunnel,Lake Alexfurt,Missouri,58508,79.066423,-58.9359505
Toni Lowe,72,41154 Ochoa Garden Suite 633,Port Melissa,New York,70403,173.726317,-77.354506
Carla Mcneil,38,9459 Velasquez Square,Lukeport,Rhode Island,70673,-171.177799,45.482748
Steven Walker,67,5473 Michael Square Suite 516,North Caleb,Mississippi,22142,-0.204996,-85.727717
Michelle Wilson,44,55193 Richard Bridge Apt. 456,Port Justinbury,Nevada,78300,-21.408197,23.531511
Aaron Castro,27,19489 Samantha Village Apt. 191,North Chelseaville,Rhode Island,29462,36.730851,9.964968
Sandra Cummings,29,96953 Amanda Valleys Apt. 891,Lake Nicholaschester,Nevada,95608,-26.574010,62.1700995
James Leon,74,309 Collins Mall,Laurachester,Alaska,31911,24.358739,31.2321485
Marcus Day,33,732 Jacobson Heights,Port Colleenshire,New Mexico,90290,172.290101,75.800125
Laura Orr,54,34180 Richard Extension,West Julie,New Jersey,93979,-88.563680,39.7704925
Raymond Nguyen,60,75913 Torres Stream,Gentryhaven,Oregon,10034,52.073005,5.5356935
Denise Thomas,58,9682 Dawn Crossing,North Mary,Tennessee,66694,-98.479349,46.8409635
Kenneth Davies,40,23530 Wesley Trail Apt. 714,Port Tonyview,Tennessee,99928,52.813382,41.678349
Christopher Douglas,72,128 Kiara Cliffs,New Michelleport,Washington,43379,-120.543691,-36.9962325
Jacob Norman,27,9536 Guerrero Road Apt. 732,Chrisland,Oklahoma,28899,29.386347,81.3575105
Darin Lopez,63,533 Norris Oval,Kellyshire,Oklahoma,87873,47.289362,35.7621935
Joseph Snow,32,1280 Robert Islands,West Charles,Louisiana,97098,83.612889,-15.238157
Sharon Kaufman,32,95631 Fernandez Locks Apt. 666,Baileybury,South Carolina,37009,-124.191994,21.8179195
David Warren,76,290 William Meadow,Jamesburgh,Michigan,85200,-4.038253,-71.2682085
Kristen Meyer,65,8919 Martin Springs Suite 126,Aliciaburgh,Ohio,54001,87.860711,11.680821
Angela Barry,46,6052 Zhang Road,Port Kathleenton,Wyoming,39866,82.369438,-40.948483
Mary Allison,61,79612 Cannon Junction Suite 698,Michaelborough,Maine,99424,-64.617324,30.5248925
Joseph Smith DVM,39,92672 Bailey Road,Angelaport,Kentucky,89115,55.717456,42.220956
Scott Hampton,35,2079 Madison Circle Suite 933,Leahton,Connecticut,50369,-14.423582,-29.8798765
Maria Price,47,1189 Owens Flat,Rayburgh,Hawaii,10627,31.267525,-69.196809
Stacey Edwards DVM,39,4998 Kimberly Mall,Reginatown,North Carolina,07787,4.979770,54.354633
Brandon Miller,43,89192 Green Highway Apt. 978,Brendamouth,Colorado,77876,52.079457,-37.382218
Paul Watts,18,442 Lindsay Isle,Patriciaton,Illinois,35745,-163.189021,17.7072035
Courtney Chaney,61,6143 Collier Lakes,Lake Diana,Maine,25888,-103.980922,-43.9058345
Frances Lucas,28,1716 Michael Forks Apt. 116,Saraberg,Colorado,92401,-53.934673,35.245741
Jacob Hunt,40,04170 Elizabeth Falls,New Michael,Minnesota,43490,75.437742,-32.434356
Kelly Mcclain,36,1015 Daniel Prairie,Leahbury,Virginia,93638,130.889158,-57.7580235
Steven Patton,52,8589 Amanda Lakes,Ericville,New Mexico,32704,-169.350149,-50.976724
Keith Williamson,32,60495 Emily Land,New Michael,Iowa,78123,-147.226671,-21.1255705
Sharon Holmes,64,681 Hale Squares Apt. 885,South Judy,South Dakota,40260,-1.551287,25.890188
Denise Cruz,59,824 Mcdaniel Courts Suite 290,Barrettview,Wyoming,44495,114.838352,14.797410
Alexis Moore,57,3324 Williams Rapid,Bryanstad,Virginia,53744,-22.338490,-55.505771
Peter Chavez,41,78453 Nancy Lane Suite 424,South Jaimeport,Delaware,67869,-97.433782,15.1360535
Seth Nguyen,62,0477 Jessica Row,West Joshuatown,Louisiana,50053,101.264026,49.2740385
Dustin Simpson,28,0365 Kelly Spurs,Ortizstad,Iowa,82722,-56.470280,86.867218
Andrew Hampton,56,5358 Miles Glens Apt. 291,West Josephfurt,California,36556,178.238750,21.222056
Jennifer Vargas,28,69458 Wright Flat Suite 405,Patelfurt,Colorado,25485,147.447529,-21.4636545
Michael Garner,71,840 Kimberly Islands Suite 768,Karenview,California,04661,93.989077,-23.082502
Tyler Bauer,33,92381 Joseph Ramp,Loweryfort,New Hampshire,45465,-114.708782,-12.9062015
Kelly Stevens,34,52468 Matthew Gardens,West Christopher,Connecticut,46430,64.511600,55.395720
Kelly Meyer,39,31072 Graham Loaf,Port Catherine,California,88058,-13.243430,73.453927
Dr. Susan Johnson,30,1961 Daugherty Road Apt. 448,Lake Cody,Arizona,49722,-156.091954,89.037000
Tiffany Thomas,54,494 Graham Glen Suite 647,Michaelbury,Wyoming,26855,85.957096,-28.9733375
Timothy Lopez,45,6636 Dominic River,South Kellytown,West Virginia,19399,-55.569961,-43.929358
Heather Williams,39,460 Ashley Shore Suite 181,Ronaldmouth,Montana,69459,-79.673388,-4.3129585
David Khan MD,63,52414 Christina Bypass Suite 229,Lake Rebeccaside,Arizona,85310,45.101435,31.819982
Jessica Erickson,76,905 Hannah Radial Suite 624,Nicholasville,Rhode Island,64176,28.405700,7.8669745
Mr. Robert Williams,43,54468 Shaw Trail,Nelsonfurt,Washington,43022,83.616210,-49.9089795
Kelly Ryan,56,1480 Murphy Estate,New Natashaview,Florida,26045,-175.439474,4.712847
Robert Jones,50,54919 Jacqueline Oval,Willieborough,Missouri,11571,-80.565547,-12.073858
Kyle Taylor,49,2086 Guerrero Canyon Suite 097,Cooperstad,California,44559,-17.015046,-30.023923
Daniel Edwards,18,607 Gillespie Key Suite 219,West Jeremy,South Dakota,77967,-155.356788,29.078764
Joyce Fletcher,28,2840 Russell Forest Suite 452,Port Christinafort,Washington,52634,11.362728,-23.855102
Tara Brady,19,033 Ramsey Road,Eddieberg,Wisconsin,96503,-155.947899,-63.0217655
Douglas Jordan,23,21112 Miller Junctions,West Michaelstad,Wyoming,06310,-155.982206,-84.2761775
Joseph Parks,19,951 White Glens,New Andrew,Kansas,86777,-45.472358,8.305772
Timothy Boyd,47,744 Heather Mission Apt. 281,Kristinfort,Oklahoma,36209,-166.141623,-52.218861
Brandon Warner,31,06297 Wolfe Island Apt. 082,Port Jamesview,Oklahoma,73792,64.604081,-38.226092
Samuel Lopez,51,421 Williams Orchard Apt. 925,South Andrewstad,West Virginia,67583,-101.451805,53.7416925
Gerald Cobb,26,897 Shari Shores,South Jason,Maine,35785,99.399558,80.2397415
Zachary Bailey,74,657 Brittany Shores Suite 253,Amandabury,Arkansas,44421,-115.848757,-52.1441215
Shawn Freeman,57,088 Schmidt Meadow Apt. 407,West Jamiestad,Florida,50995,-9.190709,41.252782
Alyssa Garrison,23,9700 Henderson Terrace Suite 831,Austinburgh,Maryland,77400,48.336648,25.295734
Amy Dalton,38,8520 Aaron Heights,North Reginald,Missouri,69917,-64.606194,-42.6812295
Allison Knox,27,114 Mendez Passage,South Jaybury,Alabama,65642,-131.790710,10.958803
Tara Taylor,50,0554 Li Skyway,North Kendraborough,North Dakota,67691,-38.728945,-57.5543835
Stephanie Burgess,52,00441 Duran Walks,Daisyland,Mississippi,87858,-128.567128,-3.1635965
Robert Ramos,79,5748 Crawford Islands,Hughesberg,Virginia,94470,-147.552065,-33.5264935
Sandra Vasquez,41,46375 Jennifer Spurs Apt. 663,Phelpsbury,Georgia,84441,0.375134,62.122583
Eric Moore,27,08180 Joseph Club,Courtneytown,Connecticut,19508,-172.958465,43.6867475
Shaun Vaughn,35,3694 Smith Avenue Suite 551,West Robertland,Colorado,10453,87.052896,-60.2974015
Danny Sanchez,31,80470 Phillips Station Apt. 512,Lake Candice,California,41529,-70.451219,-9.4554025
Keith Hansen,53,14154 Tiffany Route Suite 822,North Walterland,Pennsylvania,48117,17.024060,20.741753
Randy Thompson,53,7126 Jennifer Street Apt. 580,Wallburgh,Washington,69145,37.652673,9.338062
Kelli Green,38,19305 Hill Haven Apt. 592,Kelleyview,Alabama,79110,-52.952352,27.638637
Zachary Townsend,39,15334 Reed Mews Suite 956,Frostburgh,North Carolina,87883,43.952661,-73.4643635
Michael Nelson,66,363 Taylor Centers Suite 971,Byrdshire,Idaho,44341,-167.936273,-33.512168
Dalton Matthews,33,99762 Lisa Field Apt. 066,Stevenfort,Pennsylvania,23871,-137.371351,-81.7522515
Matthew Johns,42,249 Philip Run,East Brandy,Vermont,25540,-139.849470,-85.0487825
Marc Ayala,45,41195 Holt Turnpike Suite 862,Choiburgh,Alabama,45489,151.860644,63.9338355
Donald Crawford,19,02473 Hall Hill,New Bethburgh,Connecticut,04654,-39.134584,-71.6827055
Morgan Rodriguez,65,947 Tate Summit Apt. 029,Lauraport,Utah,91072,-174.373833,-10.1542365
John Miller,22,626 Gonzalez Mount,West Robertside,West Virginia,15771,132.807019,-36.802524
Michael Sharp,28,221 Dawson Views,Jamesshire,Virginia,76151,-46.799397,-40.6110515
Erin Mcdonald,64,583 Keith Dale Suite 219,New Danielletown,Maryland,63786,-158.868383,-46.227719
Raven Moreno,37,479 Frazier Parks Suite 925,Estesstad,Alaska,94944,169.975075,-70.8062055
Leah Mason,57,58223 Maria Mission Apt. 678,Colontown,Louisiana,59781,-5.899622,66.039872
Lisa Smith,50,246 Jaime Stream,New Matthewbury,Mississippi,26166,-83.114895,38.981524
Jason Sandoval,30,4313 Angela Summit Apt. 318,West Brandonborough,Georgia,15212,68.051755,73.0517535
Brett Cabrera,25,8074 Brandy Mountain Apt. 107,South Carla,Montana,90732,-39.354232,57.1787165
Amanda Gallagher,44,38700 Courtney Fall Apt. 615,South Katherineview,North Dakota,35514,115.422370,69.885081
Linda Fisher,32,17475 David Brooks,New Candiceland,Oklahoma,67009,80.022601,-40.126902
Shannon Williams,79,9383 Hill Glens Apt. 049,Masonstad,New Jersey,86466,-40.349656,31.705394
Alexandra Vargas,69,27886 Charles Mill Suite 739,Robinsonshire,Mississippi,01535,1.016854,-71.1239075
David Soto,45,0742 Kristen Locks,Lake Aliciaburgh,Michigan,88414,2.688381,-25.4218765
Sarah Soto,49,325 Herrera Stravenue,East Melissa,Minnesota,89231,116.650102,17.7160835
Rebecca Ramsey,53,343 Christine Loaf Suite 142,South Jeremyberg,Minnesota,27006,117.851190,71.414696
Adrian Khan,55,306 Jesse Springs Apt. 829,Wendyside,South Dakota,86159,-121.855852,59.972016
William Sawyer,33,690 Blevins Fords,New Sharonhaven,Florida,53242,150.523749,50.721953
Benjamin Young,55,3083 Cordova Lodge Suite 358,Sandersbury,Minnesota,17312,-131.003092,16.900173
Casey Lewis,39,50442 Johnson Hill,Joshuamouth,Virginia,16931,-33.577910,-70.1559035
Jennifer Johnson DDS,44,972 Margaret Lakes,Knoxmouth,Virginia,02671,-99.316085,-71.625375
Alexa Boyd,70,36010 Paula Trail Apt. 430,North Michael,North Carolina,39779,-97.855275,-13.275166
Emily Sanders,36,771 Griffin Turnpike,Parksport,South Dakota,92898,-61.406062,0.5715195
Joshua Hawkins,30,385 Rebecca Inlet Suite 094,East Hannahburgh,Tennessee,05241,69.945992,-5.514124
Christina Tucker,79,0446 Andrew Way Suite 243,Martinton,Washington,18133,52.673780,7.393335
Danielle Obrien,32,314 Jonathan Stream,New Michael,Arizona,02944,-85.666831,57.7923885
Phillip Peterson,21,5545 Cunningham Row Apt. 408,Kingview,Kansas,12670,104.348960,-32.8082925
Bruce Hernandez,23,800 Shane Creek,New Kevinside,South Carolina,93080,41.912699,-67.122211
James Morton,68,279 Sherri Harbor Suite 389,East Melissa,Florida,66879,110.057112,63.0352345
Dakota Martinez,76,21274 Morgan Extension,Gordonville,California,47401,3.605366,60.092177
Emily Marshall,31,4576 Collins Mount,Osborneshire,Illinois,18794,159.999081,21.6028115
Daniel Flores,19,0003 Love Courts,Andersonton,Alaska,69435,-43.466722,40.107464
Paula Smith,19,216 Scott Greens,Wilsonville,Missouri,55734,-148.982082,-72.8676665
Maria Baker,79,65203 John Shoal,Steventown,Utah,69860,93.142393,49.461511
Phillip Duran,63,742 Jerry Gardens Apt. 436,East William,Illinois,06370,-27.745689,44.0092815
Craig Adams,58,450 Bradley Harbors Apt. 975,North Jessicaville,Kansas,18889,138.038628,-86.2393175
Helen Roberts,52,549 Mitchell Groves,North Paulside,Kansas,17962,161.838317,38.052930
Sarah Bowen,52,2099 Wyatt Forge,Sarahton,Kansas,69705,130.442158,35.344943
Adam Shaw,67,77699 Chase Grove Suite 347,East Brenda,Wisconsin,80964,71.348025,27.279702
Cynthia Jensen,45,89995 Kendra Overpass,Port Kristin,Iowa,50631,-40.068233,-45.0545585
Mrs. Tammy Daniels,73,721 Allen Forges,Reneechester,Illinois,62579,84.854041,65.7200475
Rebecca Hayes,19,724 Kevin Rapid Suite 930,New Eddie,West Virginia,47688,-177.863537,18.292275
William Romero,53,0885 Rose Walk Apt. 889,Lake Elaineborough,Alaska,19156,38.787890,-40.7719715
Bruce Roth,56,9364 Avila Shoals Apt. 178,Port Michellefort,Alaska,49026,-133.513673,41.0290675
Julie Mcmahon,54,74275 Ralph Skyway Suite 416,Craigport,South Dakota,08011,-13.856864,-31.422127
Emily Walker,27,077 Karen Fall,West Cynthiamouth,Indiana,58113,68.794699,-25.5101045
Vincent Murphy,57,13672 Tara Light Apt. 133,Chaneyburgh,Arkansas,13511,17.510306,28.996377
Hannah Sparks,78,615 Brian Forest Suite 274,Frazierview,Virginia,90425,15.406212,16.021762
Ashley Jones,45,148 Samantha Mission,New Loretta,Rhode Island,49883,130.791538,-20.366360
Kristopher Serrano,22,50692 Jennifer Track,Fernandezview,Vermont,71533,-157.212464,-46.429972
Bryan Jimenez,38,7477 Sherry Mountains,West Chad,Wisconsin,18540,-131.415345,-16.877944
Julie Graham,51,8026 Gross Ramp Apt. 580,Port Ryan,Michigan,79655,-175.283066,26.6895065
Nathan Martinez,63,19976 Gonzalez Road,New Jenniferstad,Colorado,16928,135.468875,-74.4644635
Jennifer Clark,60,418 Espinoza Courts Apt. 802,Johnsonmouth,Florida,87589,-149.017800,-34.649643
Christina Robinson,66,19766 Justin Cove,Lake Lisafurt,New York,35071,21.142346,-23.0885825
Allison Mcdowell,57,71997 Morrison Orchard Suite 370,Nelsonfurt,Montana,42408,86.852962,-7.4646165
David French,26,34411 Stephanie Mount,West Todd,North Dakota,49390,172.592510,50.180963
Nicholas Gomez,71,340 Allen Parkway Suite 503,New Roger,Idaho,09841,-75.061172,88.153049
Leslie Sims,36,11338 Nguyen Mews,New Christinafurt,Oklahoma,08842,-162.160443,34.8789915
Cynthia Gates,19,308 Brown Plaza Suite 651,Adambury,New York,31005,-124.146472,13.319296
Clarence Rodgers,26,21706 Smith Islands,Lake Matthew,North Dakota,77167,-118.265568,29.102711
Dr. Courtney Santana,34,3682 Saunders Underpass Suite 360,Lake Jennifershire,North Carolina,54804,-142.550925,-34.9378005
Carlos Ortiz,74,734 Tommy Forges,Lake Lori,Georgia,84326,-55.080846,32.3325885
Mary Roach,51,38041 Jessica View,Angelamouth,Maine,81560,-172.569089,72.812490
Elizabeth Gill,49,593 Molly Stream,Curtisville,Georgia,74182,-155.847193,61.491804
Jonathan Mosley,65,998 Young Mission,South Coreyport,Alabama,69677,86.474067,77.2389325
Heather Castillo,43,111 Bradley Trafficway,South Oscar,Wisconsin,02224,-158.184670,67.430938
Ryan Miller,38,0260 Kelly Roads,Susanberg,Kansas,15533,174.073505,-27.260661
Summer Roberts,54,6577 Carrie Summit Apt. 484,West Jorgeton,Minnesota,03042,-62.283356,7.0304075
Jennifer Jackson,45,70519 Christopher Ports Apt. 170,North Patrickview,Tennessee,73777,39.438139,-44.4280235
David Kelly,38,95648 Nichols Common Apt. 512,Christopherport,Tennessee,36209,-11.558002,-39.177335
Joshua Becker,76,00658 Valerie Squares Suite 753,Leebury,South Dakota,74289,55.587226,-10.6345155
Christopher Hancock,52,44917 Ashley Pike Apt. 266,Lake Danielleside,Washington,78399,-2.392441,74.0828995
Debra Brown,60,1194 Arnold Mission,Turnerchester,Idaho,14146,162.120346,-54.565568
David Calhoun,38,28194 Denise Forest,New Melissa,South Dakota,64855,-74.335656,39.682679
Bonnie Perry,76,3397 Mendez Glens Suite 524,New Angela,Kentucky,39626,78.175880,76.869654
Christopher Cardenas,68,996 Levine Drives Apt. 865,Juanfort,Vermont,82301,-29.599339,-84.7594275
Joel Brooks,23,79538 Emily Fields Suite 804,North Patricia,Alaska,79691,-91.060403,-22.9792925
Robin Benson,55,8274 Wilson Lodge Suite 560,Port Brenda,Wisconsin,42813,104.408791,72.7615155
Debbie Carey,80,83990 Bell Canyon Suite 297,Robertstad,Hawaii,71982,122.834050,-40.3150825
Paul Carr,43,2425 Karla Gardens Suite 347,Port Bruce,Ohio,23462,-179.178297,11.745396
James Dalton,19,55876 Adam Route,Allentown,Oklahoma,30869,64.867053,51.3884095
Timothy Gordon,29,07891 Amy Mill,Johnstad,Wyoming,18221,-147.162396,-26.961240
Brandi Huber,77,20814 Karina Hill Suite 829,Smithmouth,Hawaii,98130,33.429543,28.985418
Kristen Smith,36,899 Blankenship Crossroad,Jefferymouth,Virginia,10397,137.782364,-61.941791
Andrew Smith,69,552 Amanda Glen Apt. 386,Heathershire,Texas,87543,10.880622,-51.463313
Frederick Sanchez,46,7562 Peterson Corner Suite 583,North Cheryl,Florida,28939,117.854407,0.754389
Darrell Sanders,80,127 Rebecca Locks Suite 145,Williamberg,Alaska,67751,18.788153,-27.8843155
Stanley Clark DDS,21,637 Smith Gardens Suite 008,Port Laurenstad,Wisconsin,03083,-7.764869,-25.8563535
Christopher Copeland,23,293 Kevin Crest Suite 501,Smithfort,Hawaii,64046,14.028527,-53.3458715
Cheryl Fitzgerald,19,262 Russo Brooks,South Matthew,Arkansas,59301,59.577870,86.630357
Alec Hill,70,3063 Dixon Shores,Port Amber,Georgia,40770,-169.596623,24.4357195
