,HOJA RESUMEN DEL ANALISIS DE LA DISPONIBILIDAD DE MEDICAMENTOS E INSUMOS MEDICOS - LIMA_METRPOLITANA_2022_06,Unnamed: 1,Unnamed: 2,Unnamed: 3,Unnamed: 4,Unnamed: 5,Unnamed: 6,Unnamed: 7,Unnamed: 8,Unnamed: 9,Unnamed: 10,Unnamed: 11
0,FUENTE: ICI-2022,,,,,,,,,,,
1,,,,,,,,,,,,
2,CODDISA,NOMDISA,CODIGO_PRE,ESTABLEC,SOBRESTOCK,NORMOSTOCK,SUBSTOCK,DESABASTECIDO,TOTAL,DESABASTECIDOX,SUBSTOCKX,DISPO
3,037,LIMA CENTRO,05616,C.S. 10 DE OCTUBRE,57,156,96,57,366,15.57,26.23,58.2
4,038,LIMA ESTE,05967,C.S. 7 DE OCTUBRE,47,147,54,31,279,11.11,19.35,69.53
5,038,LIMA ESTE,05933,C.S. ALFA Y OMEGA,39,189,57,37,322,11.49,17.7,70.81
6,040,LIMA SUR,05988,C.S. ALICIA LASTRES DE LA TORRE,63,134,36,47,280,16.79,12.86,70.36
7,039,LIMA NORTE,05745,C.S. AMAKELLA,42,158,60,47,307,15.31,19.54,65.15
8,038,LIMA ESTE,05921,C.S. ANCIETA BAJA,40,158,37,22,257,8.56,14.4,77.04
9,039,LIMA NORTE,05753,C.S. AÑO NUEVO,57,178,62,52,349,14.9,17.77,67.34
10,037,LIMA CENTRO,05614,C.S. BAYOVAR,76,134,92,42,344,12.21,26.74,61.05
11,040,LIMA SUR,06085,C.S. BENJAMIN DOIG,58,154,47,34,293,11.6,16.04,72.35
12,038,LIMA ESTE,05920,C.S. BETHANIA,31,149,59,31,270,11.48,21.85,66.67
13,037,LIMA CENTRO,06184,C.S. BREÑA,60,134,74,52,320,16.25,23.13,60.63
14,037,LIMA CENTRO,05846,C.S. CAJA DE AGUA,69,143,63,45,320,14.06,19.69,66.25
15,037,LIMA CENTRO,05848,C.S. CAMPOY,48,146,91,40,325,12.31,28,59.69
16,039,LIMA NORTE,05752,C.S. CAQUETA,76,167,57,23,323,7.12,17.65,75.23
17,039,LIMA NORTE,05763,C.S. CARLOS A. PROTZEL,49,184,80,56,369,15.18,21.68,63.14
18,039,LIMA NORTE,05807,C.S. CARLOS CUETO FERNANDINI,46,157,70,56,329,17.02,21.28,61.7
19,039,LIMA NORTE,05768,C.S. CARLOS PHILLIPS,41,174,73,63,351,17.95,20.8,61.25
20,039,LIMA NORTE,05764,C.S. CARMEN ALTO,50,161,69,39,319,12.23,21.63,66.14
21,039,LIMA NORTE,05765,C.S. CARMEN MEDIO,54,142,55,46,297,15.49,18.52,65.99
22,038,LIMA ESTE,05919,C.S. CATALINA HUANCA,41,150,72,25,288,8.68,25,66.32
23,040,LIMA SUR,15544,C.S. CENTRO DE ATENCION DEL ADULTO MAYOR TAYTA WASI,77,63,21,12,173,6.94,12.14,80.92
24,040,LIMA SUR,06162,C.S. CENTRO DE EMERGENCIAS SAN PEDRO DE LOS CHORRILLOS,61,116,35,23,235,9.79,14.89,75.32
25,040,LIMA SUR,31200,C.S. CENTRO DE SALUD MENTAL COMUNITARIO BALNEARIOS DEL SUR,6,5,0,0,11,0,0,100
26,039,LIMA NORTE,29480,C.S. CENTRO DE SALUD MENTAL COMUNITARIO QISPIKAY,18,20,11,5,54,9.26,20.37,70.37
27,039,LIMA NORTE,29478,C.S. CENTRO DE SALUD MENTAL COMUNITARIO SAMAY,14,30,22,12,78,15.38,28.21,56.41
28,038,LIMA ESTE,29166,C.S. CENTRO DE SALUD MENTAL COMUNITARIO SANTISIMA VIRGEN DE LA CRUZ,11,20,4,4,39,10.26,10.26,79.49
29,040,LIMA SUR,29636,C.S. CENTRO DE SALUD MENTAL COMUNITARIO VIRGEN DE LA MERCED,4,17,9,1,31,3.23,29.03,67.74
30,037,LIMA CENTRO,06203,C.S. CENTRO ESPECIALIZADO DE REFERENCIA DE ITSS Y VIH/SIDA RAUL PATRUCCO PUIG,43,105,31,29,208,13.94,14.9,71.15
31,040,LIMA SUR,05998,C.S. CENTRO MATERNO INFANTIL BUENOS AIRES DE VILLA,78,192,73,44,387,11.37,18.86,69.77
32,040,LIMA SUR,06124,C.S. CENTRO MATERNO INFANTIL CESAR LOPEZ SILVA,60,188,87,64,399,16.04,21.8,62.16
33,040,LIMA SUR,06153,C.S. CENTRO MATERNO INFANTIL DANIEL ALCIDES CARRION,109,148,73,46,376,12.23,19.41,68.35
34,040,LIMA SUR,05991,"C.S. CENTRO MATERNO INFANTIL DE SALUD - ""VIRGEN DEL CARMEN""",61,167,67,45,340,13.24,19.71,67.06
35,039,LIMA NORTE,05816,C.S. CENTRO MATERNO INFANTIL DR. ENRIQUE MARTIN ALTUNA,71,172,98,87,428,20.33,22.9,56.78
36,039,LIMA NORTE,05735,C.S. CENTRO MATERNO INFANTIL EL PROGRESO,74,222,112,86,494,17.41,22.67,59.92
37,040,LIMA SUR,06152,C.S. CENTRO MATERNO INFANTIL JOSE CARLOS MARIATEGUI,95,144,70,70,379,18.47,18.47,63.06
38,040,LIMA SUR,06141,C.S. CENTRO MATERNO INFANTIL JOSE GALVEZ,98,144,72,36,350,10.29,20.57,69.14
39,039,LIMA NORTE,05799,C.S. CENTRO MATERNO INFANTIL JUAN PABLO II,56,196,116,89,457,19.47,25.38,55.14
40,040,LIMA SUR,06133,C.S. CENTRO MATERNO INFANTIL JUAN PABLO II,47,200,94,61,402,15.17,23.38,61.44
41,039,LIMA NORTE,05755,C.S. CENTRO MATERNO INFANTIL LAURA RODRIGUEZ DULANTO DUKSIL,79,200,104,68,451,15.08,23.06,61.86
42,039,LIMA NORTE,05821,C.S. CENTRO MATERNO INFANTIL LOS SUREÑOS,90,187,82,104,463,22.46,17.71,59.83
43,040,LIMA SUR,06079,C.S. CENTRO MATERNO INFANTIL LURIN,42,168,73,59,342,17.25,21.35,61.4
44,040,LIMA SUR,06104,C.S. CENTRO MATERNO INFANTIL MANUEL BARRETO,110,154,61,52,377,13.79,16.18,70.03
45,040,LIMA SUR,06107,C.S. CENTRO MATERNO INFANTIL OLLANTAY,157,156,56,22,391,5.63,14.32,80.05
46,039,LIMA NORTE,05644,C.S. CENTRO MATERNO INFANTIL RÍMAC,65,195,95,132,487,27.1,19.51,53.39
47,040,LIMA SUR,06132,C.S. CENTRO MATERNO INFANTIL SAN JOSE,57,217,74,63,411,15.33,18,66.67
48,039,LIMA NORTE,05772,C.S. CENTRO MATERNO INFANTIL SANTA LUZMILA II,84,200,105,81,470,17.23,22.34,60.43
49,039,LIMA NORTE,05817,C.S. CENTRO MATERNO INFANTIL SANTA ROSA,44,202,101,73,420,17.38,24.05,58.57
50,040,LIMA SUR,06164,C.S. CENTRO MATERNO INFANTIL TABLADA DE LURIN,98,162,64,51,375,13.6,17.07,69.33
51,039,LIMA NORTE,05791,C.S. CENTRO MATERNO INFANTIL TAHUANTINSUYO BAJO,61,228,121,93,503,18.49,24.06,57.46
52,040,LIMA SUR,06151,C.S. CENTRO MATERNO INFANTIL VILLA MARIA DEL TRIUNFO,139,125,62,28,354,7.91,17.51,74.58
53,037,LIMA CENTRO,06202,C.S. CENTRO REF. ESP. ANTIRRABICO - ESPECIALIZADO EN ZOONOSIS,37,52,21,17,127,13.39,16.54,70.08
54,038,LIMA ESTE,05982,C.S. CENTRO REFERENCIAL ESPECIALIZADO EN REHABILITACION Y TERAPIA FISICA DE CHOSICA,28,76,11,7,122,5.74,9.02,85.25
55,038,LIMA ESTE,05935,C.S. CESAR LOPEZ SILVA,39,175,75,34,323,10.53,23.22,66.25
56,037,LIMA CENTRO,05841,C.S. CHACARILLA DE OTERO,74,159,74,50,357,14.01,20.73,65.27
57,037,LIMA CENTRO,06185,C.S. CHACRA COLORADA,67,154,71,43,335,12.84,21.19,65.97
58,038,LIMA ESTE,05853,C.S. CHANCAS DE ANDAHUAYLAS,65,132,67,32,296,10.81,22.64,66.55
59,038,LIMA ESTE,05862,C.S. CHOSICA,62,167,62,58,349,16.62,17.77,65.62
60,039,LIMA NORTE,05640,C.S. CIUDAD Y CAMPO,57,142,74,36,309,11.65,23.95,64.4
61,040,LIMA SUR,15075,C.S. CLAS JUAN PABLO II,76,141,65,30,312,9.62,20.83,69.55
62,040,LIMA SUR,06080,C.S. CLAS JULIO C TELLO,56,151,62,25,294,8.5,21.09,70.41
63,040,LIMA SUR,06093,C.S. CLAS VILLA LIBERTAD,35,122,50,26,233,11.16,21.46,67.38
64,039,LIMA NORTE,05773,C.S. CLORINDA MALAGA,68,142,55,40,305,13.11,18.03,68.85
65,039,LIMA NORTE,05754,C.S. COLLIQUE III ZONA,62,169,84,67,382,17.54,21.99,60.47
66,039,LIMA NORTE,05767,C.S. COMAS,53,156,66,49,324,15.12,20.37,64.51
67,037,LIMA CENTRO,06186,C.S. CONDE DE LA VEGA BAJA,55,157,71,59,342,17.25,20.76,61.99
68,039,LIMA NORTE,05744,C.S. CONDEVILLA,37,186,59,60,342,17.54,17.25,65.2
69,038,LIMA ESTE,05852,C.S. COOPERATIVA UNIVERSAL,58,174,51,39,322,12.11,15.84,72.05
70,037,LIMA CENTRO,05627,C.S. CRUZ DE MOTUPE,75,152,73,50,350,14.29,20.86,64.86
71,039,LIMA NORTE,28060,C.S. DE APOYO CARABAYLLO,0,0,0,0,0,0,0,0
72,040,LIMA SUR,05999,C.S. DELICIAS DE VILLA,59,163,70,38,330,11.52,21.21,67.27
73,038,LIMA ESTE,05923,C.S. EL AGUSTINO,38,173,52,25,288,8.68,18.06,73.26
74,039,LIMA NORTE,07684,C.S. EL ALAMO,60,169,60,31,320,9.69,18.75,71.56
75,038,LIMA ESTE,05964,C.S. EL BOSQUE,30,169,44,30,273,10.99,16.12,72.89
76,038,LIMA ESTE,05926,C.S. EL EXITO,46,178,54,32,310,10.32,17.42,72.26
77,037,LIMA CENTRO,06173,C.S. EL PINO,83,159,89,49,380,12.89,23.42,63.68
78,037,LIMA CENTRO,06175,C.S. EL PORVENIR,107,162,93,48,410,11.71,22.68,65.61
79,039,LIMA NORTE,05800,C.S. ENRIQUE MILLA OCHOA,51,142,66,49,308,15.91,21.43,62.66
80,037,LIMA CENTRO,05629,C.S. ENRIQUE MONTENEGRO,59,165,75,62,361,17.17,20.78,62.05
81,039,LIMA NORTE,05786,C.S. ERMITAÑO ALTO,47,159,67,46,319,14.42,21,64.58
82,039,LIMA NORTE,05787,C.S. ERMITAÑO BAJO,70,143,71,44,328,13.41,21.65,64.94
83,039,LIMA NORTE,05809,C.S. EX FUNDO NARANJAL,53,161,65,48,327,14.68,19.88,65.44
84,039,LIMA NORTE,05641,C.S. FLOR DE AMANCAES,48,145,67,33,293,11.26,22.87,65.87
85,038,LIMA ESTE,05851,C.S. FORTALEZA,33,180,73,38,324,11.73,22.53,65.74
86,037,LIMA CENTRO,05618,C.S. GANIMEDES,62,145,88,55,350,15.71,25.14,59.14
87,040,LIMA SUR,05989,C.S. GAUDENCIO BERNASCONI,57,143,54,41,295,13.9,18.31,67.8
88,039,LIMA NORTE,05756,C.S. GUSTAVO LANATTA,70,171,74,50,365,13.7,20.27,66.03
89,038,LIMA ESTE,05962,C.S. GUSTAVO LANATTA,52,193,35,31,311,9.97,11.25,78.78
90,039,LIMA NORTE,05751,C.S. GUSTAVO LANATTA LUJAN,53,167,62,52,334,15.57,18.56,65.87
91,040,LIMA SUR,05990,C.S. GUSTAVO LANATTA LUJAN,59,137,64,35,295,11.86,21.69,66.44
92,040,LIMA SUR,07278,C.S. HEROES DEL CENEPA,66,83,48,53,250,21.2,19.2,59.6
93,038,LIMA ESTE,29117,C.S. HOGAR PROTEGIDO AYACUCHO,54,111,19,26,210,12.38,9.05,78.57
94,038,LIMA ESTE,05884,C.S. HORACIO ZEVALLOS,44,181,44,42,311,13.5,14.15,72.35
95,037,LIMA CENTRO,06199,C.S. HUACA PANDO,36,124,40,39,239,16.32,16.74,66.95
96,038,LIMA ESTE,05854,C.S. HUASCAR,63,138,40,33,274,12.04,14.6,73.36
97,037,LIMA CENTRO,05621,C.S. HUASCAR II,51,145,88,52,336,15.48,26.19,58.33
98,037,LIMA CENTRO,05622,C.S. HUASCAR XV,62,154,71,53,340,15.59,20.88,63.53
99,039,LIMA NORTE,05769,C.S. HUSARES DE JUNIN,48,157,71,48,324,14.81,21.91,63.27
100,039,LIMA NORTE,05811,C.S. INFANTAS,42,149,80,48,319,15.05,25.08,59.87
101,037,LIMA CENTRO,05624,C.S. JAIME ZUBIETA,63,139,87,48,337,14.24,25.82,59.94
102,039,LIMA NORTE,05818,C.S. JERUSALEN,55,167,61,57,340,16.76,17.94,65.29
103,037,LIMA CENTRO,06201,C.S. JESUS MARIA,59,147,62,54,322,16.77,19.25,63.98
104,040,LIMA SUR,06109,C.S. JESUS PODEROSO,104,131,42,52,329,15.81,12.77,71.43
105,038,LIMA ESTE,05897,C.S. JICAMARCA,28,192,59,43,322,13.35,18.32,68.32
106,037,LIMA CENTRO,05628,C.S. JOSE CARLOS MARIATEGUI,107,119,75,67,368,18.21,20.38,61.41
107,039,LIMA NORTE,07735,C.S. JUAN PABLO II,38,134,72,55,299,18.39,24.08,57.53
108,037,LIMA CENTRO,06171,C.S. JUAN PEREZ CARRANZA,58,139,72,66,335,19.7,21.49,58.81
109,039,LIMA NORTE,05820,C.S. LA ENSENADA,52,142,103,62,359,17.27,28.69,54.04
110,039,LIMA NORTE,05736,C.S. LA FLOR,46,147,67,53,313,16.93,21.41,61.66
111,038,LIMA ESTE,07149,C.S. LA FRATERNIDAD,37,179,43,37,296,12.5,14.53,72.97
112,037,LIMA CENTRO,05835,C.S. LA HUAYRONA,66,154,71,66,357,18.49,19.89,61.62
113,037,LIMA CENTRO,05834,C.S. LA LIBERTAD,75,146,81,56,358,15.64,22.63,61.73
114,038,LIMA ESTE,05903,C.S. LA MOLINA,67,203,76,27,373,7.24,20.38,72.39
115,039,LIMA NORTE,05819,C.S. LADERAS DE CHILLON,56,156,71,39,322,12.11,22.05,65.84
116,039,LIMA NORTE,05798,C.S. LAURA CALLER,69,159,74,52,354,14.69,20.9,64.41
117,039,LIMA NORTE,05638,C.S. LEONCIO PRADO,44,164,69,52,329,15.81,20.97,63.22
118,040,LIMA SUR,06105,C.S. LEONOR SAAVEDRA,89,138,60,59,346,17.05,17.34,65.61
119,037,LIMA CENTRO,06195,C.S. LINCE,71,138,82,68,359,18.94,22.84,58.22
120,039,LIMA NORTE,05746,C.S. LOS LIBERTADORES,57,148,71,22,298,7.38,23.83,68.79
121,039,LIMA NORTE,05802,C.S. LOS OLIVOS,46,131,82,51,310,16.45,26.45,57.1
122,039,LIMA NORTE,05801,C.S. LOS OLIVOS DE PRO,59,152,80,53,344,15.41,23.26,61.34
123,038,LIMA ESTE,05918,C.S. MADRE TERESA CALCUTA,43,173,72,38,326,11.66,22.09,66.26
124,037,LIMA CENTRO,05847,C.S. MANGOMARCA,56,110,73,62,301,20.6,24.25,55.15
125,038,LIMA ESTE,05928,C.S. MANYLSA,49,184,48,38,319,11.91,15.05,73.04
126,039,LIMA NORTE,05643,C.S. MARISCAL CASTILLA,51,162,61,40,314,12.74,19.43,67.83
127,039,LIMA NORTE,05814,C.S. MATERNO INFANTIL ANCON,94,192,98,64,448,14.29,21.88,63.84
128,037,LIMA CENTRO,06196,C.S. MATERNO INFANTIL MAGDALENA,85,162,89,73,409,17.85,21.76,60.39
129,037,LIMA CENTRO,06178,C.S. MATERNO INFANTIL SURQUILLO,88,157,75,57,377,15.12,19.89,64.99
130,037,LIMA CENTRO,06170,C.S. MAX ARIAS SCHREIBER,55,158,82,69,364,18.96,22.53,58.52
131,037,LIMA CENTRO,05620,C.S. MEDALLA MILAGROSA,72,120,95,55,342,16.08,27.78,56.14
132,040,LIMA SUR,24847,C.S. MENTAL COMUNITARIO 12 DE NOVIEMBRE,5,18,8,9,40,22.5,20,57.5
133,039,LIMA NORTE,27244,C.S. MENTAL COMUNITARIO ASIRI (SONRISA),23,33,9,5,70,7.14,12.86,80
134,040,LIMA SUR,27615,C.S. MENTAL COMUNITARIO BARRANCO,10,26,5,5,46,10.87,10.87,78.26
135,039,LIMA NORTE,21104,C.S. MENTAL COMUNITARIO CARABAYLLO,12,70,21,11,114,9.65,18.42,71.93
136,038,LIMA ESTE,29044,C.S. MENTAL COMUNITARIO CIENEGUILLA,6,12,8,3,29,10.34,27.59,62.07
137,038,LIMA ESTE,26996,C.S. MENTAL COMUNITARIO DAVID TEJADA DE RIVERO,7,20,6,4,37,10.81,16.22,72.97
138,038,LIMA ESTE,27290,C.S. MENTAL COMUNITARIO EL AGUSTINO,14,24,1,3,42,7.14,2.38,90.48
139,040,LIMA SUR,27622,C.S. MENTAL COMUNITARIO EL SOL DE VILLA,12,18,13,3,46,6.52,28.26,65.22
140,037,LIMA CENTRO,27703,C.S. MENTAL COMUNITARIO HONORIO DELGADO,4,29,14,9,56,16.07,25,58.93
141,039,LIMA NORTE,27247,C.S. MENTAL COMUNITARIO ILLARIMUN (AMANECER),11,29,11,2,53,3.77,20.75,75.47
142,037,LIMA CENTRO,27726,C.S. MENTAL COMUNITARIO JAVIER MARIATEGUI CHIAPPE,15,13,20,7,55,12.73,36.36,50.91
143,039,LIMA NORTE,26017,C.S. MENTAL COMUNITARIO JOSEPH GERARD RUYS,32,52,19,11,114,9.65,16.67,73.68
144,040,LIMA SUR,25771,C.S. MENTAL COMUNITARIO LA MEDALLA MILAGROSA,18,17,4,2,41,4.88,9.76,85.37
145,037,LIMA CENTRO,27711,C.S. MENTAL COMUNITARIO LA VICTORIA,9,29,18,15,71,21.13,25.35,53.52
146,040,LIMA SUR,27621,C.S. MENTAL COMUNITARIO MONSEÑOR JOSE RAMON GURRUCHAGA,16,32,12,5,65,7.69,18.46,73.85
147,040,LIMA SUR,24374,C.S. MENTAL COMUNITARIO NANCY REYES BAHAMONDE,13,27,10,7,57,12.28,17.54,70.18
148,037,LIMA CENTRO,27728,C.S. MENTAL COMUNITARIO NUEVO PERU,7,25,13,9,54,16.67,24.07,59.26
149,039,LIMA NORTE,25226,C.S. MENTAL COMUNITARIO RENATO CASTRO DE LA MATA,21,28,8,4,61,6.56,13.11,80.33
150,039,LIMA NORTE,27057,C.S. MENTAL COMUNITARIO RIJCHARIY (DESPIERTA),25,61,17,13,116,11.21,14.66,74.14
151,040,LIMA SUR,06155,C.S. MENTAL COMUNITARIO SAN GABRIEL ALTO,19,26,9,6,60,10,15,75
152,040,LIMA SUR,26221,C.S. MENTAL COMUNITARIO SAN SEBASTIAN,8,27,8,8,51,15.69,15.69,68.63
153,038,LIMA ESTE,26999,C.S. MENTAL COMUNITARIO SANTA ANITA,8,16,6,2,32,6.25,18.75,75
154,038,LIMA ESTE,27068,C.S. MENTAL COMUNITARIO SANTA ROSA DE HUAYCAN,7,25,5,2,39,5.13,12.82,82.05
155,040,LIMA SUR,25772,C.S. MENTAL COMUNITARIO SANTA ROSA DE MANCHAY,28,23,4,6,61,9.84,6.56,83.61
156,037,LIMA CENTRO,28401,C.S. MENTAL COMUNITARIO UNIVERSITARIO SAN MARCOS,8,9,11,2,30,6.67,36.67,56.67
157,040,LIMA SUR,26282,C.S. MENTAL COMUNITARIO VILLA EL SALVADOR,11,28,12,8,59,13.56,20.34,66.1
158,039,LIMA NORTE,27246,C.S. MENTAL COMUNITARIO WIÑAY,3,60,13,11,87,12.64,14.94,72.41
159,039,LIMA NORTE,05805,C.S. MESA REDONDA,59,128,75,43,305,14.1,24.59,61.31
160,039,LIMA NORTE,05742,C.S. MEXICO,68,192,97,58,415,13.98,23.37,62.65
161,038,LIMA ESTE,05929,C.S. MICAELA BASTIDAS,38,205,55,39,337,11.57,16.32,72.11
162,038,LIMA ESTE,05938,C.S. MIGUEL GRAU,26,223,96,56,401,13.97,23.94,62.09
163,039,LIMA NORTE,05790,C.S. MILAGRO DE LA FRATERNIDAD,62,164,62,27,315,8.57,19.68,71.75
164,037,LIMA CENTRO,06192,C.S. MIRONES,64,139,70,54,327,16.51,21.41,62.08
165,037,LIMA CENTRO,06187,C.S. MIRONES BAJO,82,132,63,41,318,12.89,19.81,67.3
166,038,LIMA ESTE,05936,C.S. MORON,30,150,51,29,260,11.15,19.62,69.23
167,038,LIMA ESTE,05861,C.S. MOYOPAMPA,52,156,61,31,300,10.33,20.33,69.33
168,038,LIMA ESTE,30995,C.S. MUSA,62,143,43,30,278,10.79,15.47,73.74
169,038,LIMA ESTE,05904,C.S. MUSA,0,0,0,0,0,0,0,0
170,038,LIMA ESTE,05863,C.S. NICOLAS DE PIEROLA,64,180,50,23,317,7.26,15.77,76.97
171,038,LIMA ESTE,05902,C.S. NIEVERIA DEL PARAISO,24,199,62,53,338,15.68,18.34,65.98
172,038,LIMA ESTE,05924,C.S. NOCHETO,28,188,53,25,294,8.5,18.03,73.47
173,040,LIMA SUR,06140,C.S. NUEVA ESPERANZA,63,129,63,29,284,10.21,22.18,67.61
174,040,LIMA SUR,06081,C.S. NUEVO LURIN - KM. 40,41,158,60,47,306,15.36,19.61,65.03
175,040,LIMA SUR,06090,C.S. PACHACAMAC,51,165,77,32,325,9.85,23.69,66.46
176,039,LIMA NORTE,05749,C.S. PERU III ZONA,50,143,72,56,321,17.45,22.43,60.12
177,039,LIMA NORTE,05743,C.S. PERU IV ZONA,55,157,64,49,325,15.08,19.69,65.23
178,039,LIMA NORTE,05842,C.S. PIEDRA LIZA,55,203,91,110,459,23.97,19.83,56.21
179,040,LIMA SUR,06092,C.S. PORTADA DE MANCHAY,60,162,72,43,337,12.76,21.36,65.88
180,038,LIMA ESTE,05922,C.S. PRIMAVERA,42,150,54,39,285,13.68,18.95,67.37
181,039,LIMA NORTE,05803,C.S. PRIMAVERA,43,169,67,50,329,15.2,20.36,64.44
182,039,LIMA NORTE,14727,C.S. PROFAM,46,154,59,30,289,10.38,20.42,69.2
183,038,LIMA ESTE,05937,C.S. PROGRESO,46,176,49,27,298,9.06,16.44,74.5
184,040,LIMA SUR,06084,C.S. PUCUSANA,63,120,74,49,306,16.01,24.18,59.8
185,040,LIMA SUR,06087,C.S. PUNTA NEGRA,38,156,57,30,281,10.68,20.28,69.04
186,039,LIMA NORTE,05734,C.S. RAUL PORRAS BARRENECHEA,45,163,68,48,324,14.81,20.99,64.2
187,039,LIMA NORTE,05813,C.S. RIO SANTA,50,159,79,36,324,11.11,24.38,64.51
188,039,LIMA NORTE,05810,C.S. SAGRADO CORAZÓN DE JESÚS,60,159,66,57,342,16.67,19.3,64.04
189,038,LIMA ESTE,28434,C.S. SALAMANCA,34,173,55,32,294,10.88,18.71,70.41
190,038,LIMA ESTE,05932,C.S. SAN ANTONIO,51,151,52,32,286,11.19,18.18,70.63
191,038,LIMA ESTE,05864,C.S. SAN ANTONIO DE PEDREGAL,42,149,52,33,276,11.96,18.84,69.2
192,037,LIMA CENTRO,06179,C.S. SAN ATANACIO DE PEDREGAL,103,147,49,48,347,13.83,14.12,72.05
193,040,LIMA SUR,06088,C.S. SAN BARTOLO,48,172,64,35,319,10.97,20.06,68.97
194,039,LIMA NORTE,07138,C.S. SAN BENITO,62,158,63,45,328,13.72,19.21,67.07
195,038,LIMA ESTE,05856,C.S. SAN CARLOS,30,162,53,34,279,12.19,19,68.82
196,037,LIMA CENTRO,06176,C.S. SAN COSME,54,158,85,74,371,19.95,22.91,57.14
197,038,LIMA ESTE,05966,C.S. SAN FERNANDO,88,183,66,41,378,10.85,17.46,71.69
198,037,LIMA CENTRO,05838,C.S. SAN FERNANDO,73,149,64,40,326,12.27,19.63,68.1
199,040,LIMA SUR,06000,C.S. SAN GENARO DE VILLA,67,179,75,48,369,13.01,20.33,66.67
200,037,LIMA CENTRO,05837,C.S. SAN HILARION,46,162,65,59,332,17.77,19.58,62.65
201,037,LIMA CENTRO,06197,C.S. SAN ISIDRO,68,147,71,49,335,14.63,21.19,64.18
202,039,LIMA NORTE,05824,C.S. SAN JOSE,73,144,64,51,332,15.36,19.28,65.36
203,039,LIMA NORTE,05639,C.S. SAN JUAN DE AMANCAES,46,149,55,50,300,16.67,18.33,65
204,040,LIMA SUR,06115,C.S. SAN JUAN DE MIRAFLORES,99,159,58,41,357,11.48,16.25,72.27
205,039,LIMA NORTE,05812,C.S. SAN JUAN DE SALINAS,58,189,74,70,391,17.9,18.93,63.17
206,037,LIMA CENTRO,06177,C.S. SAN LUIS,99,108,86,55,348,15.8,24.71,59.48
207,040,LIMA SUR,06125,C.S. SAN MARTIN DE PORRES,61,162,66,50,339,14.75,19.47,65.78
208,039,LIMA NORTE,05748,C.S. SAN MARTIN DE PORRES,70,144,69,32,315,10.16,21.9,67.94
209,037,LIMA CENTRO,06198,C.S. SAN MIGUEL,72,154,91,66,383,17.23,23.76,59.01
210,039,LIMA NORTE,28405,C.S. SAN PEDRO DE CARABAYLLO,57,151,58,48,314,15.29,18.47,66.24
211,037,LIMA CENTRO,06191,C.S. SAN SEBASTIAN,77,115,68,50,310,16.13,21.94,61.94
212,039,LIMA NORTE,05757,C.S. SANGARARA,70,141,45,39,295,13.22,15.25,71.53
213,038,LIMA ESTE,06750,C.S. SANTA ANITA,53,222,78,47,400,11.75,19.5,68.75
214,038,LIMA ESTE,05927,C.S. SANTA CLARA,23,205,59,33,320,10.31,18.44,71.25
215,037,LIMA CENTRO,06200,C.S. SANTA CRUZ DE MIRAFLORES,89,137,66,49,341,14.37,19.35,66.28
216,037,LIMA CENTRO,05836,C.S. SANTA FE DE TOTORITA,89,135,65,47,336,13.99,19.35,66.67
217,039,LIMA NORTE,05766,C.S. SANTA LUZMILA I,70,143,84,44,341,12.9,24.63,62.46
218,038,LIMA ESTE,05965,C.S. SANTA MAGDALENA SOFIA,35,160,44,24,263,9.13,16.73,74.14
219,037,LIMA CENTRO,05625,C.S. SANTA MARIA,63,125,75,54,317,17.03,23.66,59.31
220,038,LIMA ESTE,05898,C.S. SANTA MARIA DE HUACHIPA,15,182,63,28,288,9.72,21.88,68.4
221,037,LIMA CENTRO,05840,C.S. SANTA ROSA DE LIMA,47,130,70,58,305,19.02,22.95,58.03
222,039,LIMA NORTE,06886,C.S. SANTIAGO APOSTOL,64,166,54,44,328,13.41,16.46,70.12
223,040,LIMA SUR,05993,C.S. SANTIAGO DE SURCO,49,144,50,40,283,14.13,17.67,68.2
224,038,LIMA ESTE,05885,C.S. SEÑOR DE LOS MILAGROS,52,177,53,44,326,13.5,16.26,70.25
225,037,LIMA CENTRO,05615,C.S. SU SANTIDAD JUAN PABLO II,53,150,70,63,336,18.75,20.83,60.42
226,039,LIMA NORTE,05792,C.S. TAHUANTINSUYO ALTO,59,155,76,64,354,18.08,21.47,60.45
227,038,LIMA ESTE,05978,C.S. TAMBO VIEJO,32,184,78,54,348,15.52,22.41,62.07
228,037,LIMA CENTRO,06183,C.S. TODOS LOS SANTOS SAN BORJA,92,130,67,51,340,15,19.71,65.29
229,040,LIMA SUR,06122,C.S. TRÉBOL AZUL,90,138,55,43,326,13.19,16.87,69.94
230,039,LIMA NORTE,05793,C.S. TUPAC AMARU,53,123,61,70,307,22.8,19.87,57.33
231,040,LIMA SUR,06003,C.S. TUPAC AMARU DE VILLA,62,172,65,33,332,9.94,19.58,70.48
232,037,LIMA CENTRO,06193,C.S. UNIDAD VECINAL Nº 3,60,131,72,50,313,15.97,23,61.02
233,039,LIMA NORTE,05747,C.S. VALDIVIEZO,35,161,55,44,295,14.92,18.64,66.44
234,040,LIMA SUR,06082,C.S. VILLA ALEJANDRO,50,155,41,36,282,12.77,14.54,72.7
235,039,LIMA NORTE,05806,C.S. VILLA DEL NORTE,67,149,68,41,325,12.62,20.92,66.46
236,039,LIMA NORTE,05737,C.S. VILLA ESPERANZA,55,163,65,51,334,15.27,19.46,65.27
237,039,LIMA NORTE,05823,C.S. VILLA ESTELA,48,149,56,78,331,23.56,16.92,59.52
238,038,LIMA ESTE,05900,C.S. VILLA LETICIA DE CAJAMARQUILLA,29,191,65,39,324,12.04,20.06,67.9
239,039,LIMA NORTE,05642,C.S. VILLA LOS ANGELES,66,139,61,44,310,14.19,19.68,66.13
240,037,LIMA CENTRO,06194,C.S. VILLA MARIA PERPETUO SOCORRO,68,179,59,45,351,12.82,16.81,70.37
241,040,LIMA SUR,06106,C.S. VILLA SAN LUIS,91,121,63,40,315,12.7,20,67.3
242,037,LIMA CENTRO,06180,C.S. VILLA VICTORIA PORVENIR,79,139,61,47,326,14.42,18.71,66.87
243,038,LIMA ESTE,06616,C.S. VIÑA ALTA,30,163,48,17,258,6.59,18.6,74.81
244,038,LIMA ESTE,05944,C.S. VIRGEN DEL CARMEN - LA ERA,34,167,68,34,303,11.22,22.44,66.34
245,039,LIMA NORTE,05804,C.S. VIRGEN DEL PILAR DE NARANJAL,39,137,78,55,309,17.8,25.24,56.96
246,037,LIMA CENTRO,05849,C.S. ZARATE,48,113,63,50,274,18.25,22.99,58.76
247,040,LIMA SUR,29266,C.S.CENTRO DE SALUD MENTAL COMUNITARIO CRL. SAN. WILELMO PEDRO ZORILLA HUAMAN,4,17,7,3,31,9.68,22.58,67.74
248,039,LIMA NORTE,07632,HOSPITAL CARLOS LANFRANCO LA HOZ,393,179,119,232,923,25.14,12.89,61.97
249,037,LIMA CENTRO,06211,HOSPITAL DE APOYO SANTA ROSA,363,226,205,92,886,10.38,23.14,66.48
250,038,LIMA ESTE,28025,HOSPITAL DE EMERGENCIA ATE VITARTE,238,179,182,181,780,23.21,23.33,53.46
251,037,LIMA CENTRO,06213,HOSPITAL DE EMERGENCIAS JOSE CASIMIRO ULLOA,292,191,177,120,780,15.38,22.69,61.92
252,037,LIMA CENTRO,06212,HOSPITAL DE EMERGENCIAS PEDIATRICAS,397,184,109,132,822,16.06,13.26,70.68
253,040,LIMA SUR,23159,HOSPITAL DE EMERGENCIAS VILLA EL SALVADOR,523,308,190,145,1166,12.44,16.3,71.27
254,038,LIMA ESTE,05883,HOSPITAL DE HUAYCAN,472,135,77,111,795,13.96,9.69,76.35
255,038,LIMA ESTE,05947,HOSPITAL DE MEDIANA COMPLEJIDAD JOSE AGURTO TELLO,464,186,79,170,899,18.91,8.79,72.3
256,038,LIMA ESTE,05948,HOSPITAL HERMILIO VALDIZAN,148,63,39,8,258,3.1,15.12,81.78
257,040,LIMA SUR,05987,HOSPITAL MARIA AUXILIADORA,477,332,261,245,1315,18.63,19.85,61.52
258,037,LIMA CENTRO,06207,HOSPITAL NACIONAL ARZOBISPO LOAYZA,327,258,233,293,1111,26.37,20.97,52.66
259,039,LIMA NORTE,07633,HOSPITAL NACIONAL CAYETANO HEREDIA,375,305,318,206,1204,17.11,26.41,56.48
260,037,LIMA CENTRO,06215,HOSPITAL NACIONAL DOCENTE MADRE NIÑO SAN BARTOLOME,374,173,120,74,741,9.99,16.19,73.82
261,037,LIMA CENTRO,06206,HOSPITAL NACIONAL DOS DE MAYO,392,260,260,160,1072,14.93,24.25,60.82
262,038,LIMA ESTE,05946,HOSPITAL NACIONAL HIPOLITO UNANUE,382,329,391,438,1540,28.44,25.39,46.17
263,039,LIMA NORTE,07634,HOSPITAL NACIONAL SERGIO E. BERNALES,438,92,61,63,654,9.63,9.33,81.04
264,037,LIMA CENTRO,05617,HOSPITAL SAN JUAN DE LURIGANCHO,391,193,79,114,777,14.67,10.17,75.16
265,037,LIMA CENTRO,06214,HOSPITAL VICTOR LARCO HERRERA,129,117,20,39,305,12.79,6.56,80.66
266,038,LIMA ESTE,05945,HOSPITAL VITARTE,403,135,85,58,681,8.52,12.48,79
267,037,LIMA CENTRO,06217,INSTITUTO INO DR. FRANCISCO CONTRERAS C.,144,64,25,8,241,3.32,10.37,86.31
268,037,LIMA CENTRO,06209,INSTITUTO NACIONAL DE CIENCIAS NEUROLOGICAS,182,62,90,40,374,10.7,24.06,65.24
269,037,LIMA CENTRO,06210,INSTITUTO NACIONAL DE ENFERMEDADES NEOPLASICAS,390,375,242,91,1098,8.29,22.04,69.67
270,040,LIMA SUR,07734,"INSTITUTO NACIONAL DE REHABILITACION ""DRA. ADRIANA REBAZA FLORES"" AMISTAD PERU - JAPON",190,82,25,78,375,20.8,6.67,72.53
271,037,LIMA CENTRO,06216,INSTITUTO NACIONAL DE SALUD DEL NIÑO,436,319,275,156,1186,13.15,23.19,63.66
272,039,LIMA NORTE,07733,"INSTITUTO NACIONAL DE SALUD MENTAL ""HONORIO DELGADO - HIDEYO NOGUCHI""",106,33,15,13,167,7.78,8.98,83.23
273,037,LIMA CENTRO,16918,INSTITUTO NACIONAL DE SALUD NIÑO SAN BORJA,813,389,317,226,1745,12.95,18.17,68.88
274,037,LIMA CENTRO,06208,INSTITUTO NACIONAL MATERNO PERINATAL,263,143,126,148,680,21.76,18.53,59.71
275,040,LIMA SUR,06134,"P.S. ""SEÑOR DE LOS MILAGROS""",48,113,41,27,229,11.79,17.9,70.31
276,040,LIMA SUR,06118,"P.S. ""VILLA SOLIDARIDAD""",50,105,39,23,217,10.6,17.97,71.43
277,039,LIMA NORTE,05762,P.S. 11 DE JULIO,43,143,52,34,272,12.5,19.12,68.38
278,040,LIMA SUR,16630,P.S. 12 DE JUNIO,57,80,28,29,194,14.95,14.43,70.62
279,037,LIMA CENTRO,05839,P.S. 15 DE ENERO,74,131,64,41,310,13.23,20.65,66.13
280,040,LIMA SUR,07645,P.S. 5 DE MAYO,103,79,41,27,250,10.8,16.4,72.8
281,040,LIMA SUR,06114,P.S. 6 DE JULIO,89,68,35,15,207,7.25,16.91,75.85
282,038,LIMA ESTE,05943,P.S. ALTO HUAMPANI,45,125,31,16,217,7.37,14.29,78.34
283,038,LIMA ESTE,05901,P.S. ALTO PERU,46,151,48,39,284,13.73,16.9,69.37
284,038,LIMA ESTE,05931,P.S. AMAUTA,41,174,45,54,314,17.2,14.33,68.47
285,040,LIMA SUR,05992,P.S. ARMATAMBO,56,105,38,28,227,12.33,16.74,70.93
286,038,LIMA ESTE,05930,P.S. ATE,38,160,42,21,261,8.05,16.09,75.86
287,037,LIMA CENTRO,05619,P.S. AYACUCHO,66,140,58,49,313,15.65,18.53,65.81
288,037,LIMA CENTRO,05844,P.S. AZCARRUNZ ALTO,41,115,59,44,259,16.99,22.78,60.23
289,040,LIMA SUR,06129,P.S. BRISAS DE PACHACAMAC,44,166,46,39,295,13.22,15.59,71.19
290,040,LIMA SUR,06083,P.S. BUENA VISTA,27,120,47,42,236,17.8,19.92,62.29
291,040,LIMA SUR,06157,P.S. BUENOS AIRES,77,82,33,27,219,12.33,15.07,72.6
292,040,LIMA SUR,06099,P.S. CARDAL,37,101,29,15,182,8.24,15.93,75.82
293,038,LIMA ESTE,06735,P.S. CASA HUERTA LA CAMPIÑA,33,153,39,22,247,8.91,15.79,75.3
294,038,LIMA ESTE,05984,P.S. CENTRO VETERINARIO Y ZOONOSIS,12,81,6,2,101,1.98,5.94,92.08
295,039,LIMA NORTE,05808,P.S. CERRO CANDELA,30,171,87,49,337,14.54,25.82,59.64
296,038,LIMA ESTE,13261,P.S. CERRO EL AGUSTINO,42,156,50,32,280,11.43,17.86,70.71
297,039,LIMA NORTE,05750,P.S. CERRO LA REGLA,47,166,77,59,349,16.91,22.06,61.03
298,037,LIMA CENTRO,07046,P.S. CESAR VALLEJO,48,126,46,47,267,17.6,17.23,65.17
299,040,LIMA SUR,06144,P.S. CESAR VALLEJO,53,77,37,30,197,15.23,18.78,65.99
300,038,LIMA ESTE,05865,P.S. CHACRASANA,39,139,27,15,220,6.82,12.27,80.91
301,039,LIMA NORTE,05741,P.S. CHOCAS,60,162,52,28,302,9.27,17.22,73.51
302,040,LIMA SUR,12847,P.S. CIUDAD DE GOSEN,51,110,50,25,236,10.59,21.19,68.22
303,037,LIMA CENTRO,06174,P.S. CLAS CERRO EL PINO,52,139,56,51,298,17.11,18.79,64.09
304,038,LIMA ESTE,05980,P.S. COLCA,54,106,26,23,209,11,12.44,76.56
305,040,LIMA SUR,06101,P.S. COLLANAC,42,127,52,37,258,14.34,20.16,65.5
306,040,LIMA SUR,06137,P.S. CRISTO SALVADOR,39,121,50,34,244,13.93,20.49,65.57
307,037,LIMA CENTRO,05845,P.S. DANIEL ALCIDES CARRION,55,110,56,31,252,12.3,22.22,65.48
308,040,LIMA SUR,06149,P.S. DAVID GUERRERO DUARTE,66,91,27,24,208,11.54,12.98,75.48
309,040,LIMA SUR,06086,P.S. DE PUNTA HERMOSA,38,146,65,46,295,15.59,22.03,62.37
310,040,LIMA SUR,06010,P.S. DEFENSORES DE LIMA,63,108,29,53,253,20.95,11.46,67.59
311,040,LIMA SUR,23635,P.S. DESIDERIO MOSCOSO CASTILLO,58,101,33,24,216,11.11,15.28,73.61
312,040,LIMA SUR,06128,P.S. EDILBERTO RAMOS,43,133,43,35,254,13.78,16.93,69.29
313,040,LIMA SUR,06113,P.S. EL BRILLANTE,78,93,54,29,254,11.42,21.26,67.32
314,039,LIMA NORTE,05788,P.S. EL CARMEN,61,135,38,14,248,5.65,15.32,79.03
315,040,LIMA SUR,06136,P.S. FERNANDO LUYO SIERRA,44,122,34,25,225,11.11,15.11,73.78
316,038,LIMA ESTE,13186,P.S. FRATERNIDAD NIÑO JESUS ZONA X,36,139,35,16,226,7.08,15.49,77.43
317,040,LIMA SUR,06096,P.S. GUAYABO,46,90,34,16,186,8.6,18.28,73.12
318,040,LIMA SUR,06123,P.S. HÉROES DEL PACIFICO,83,78,26,16,203,7.88,12.81,79.31
319,038,LIMA ESTE,05940,P.S. HUASCATA,30,159,58,29,276,10.51,21.01,68.48
320,038,LIMA ESTE,05979,P.S. HUAYCAN DE CIENEGUILLA,39,172,28,22,261,8.43,10.73,80.84
321,040,LIMA SUR,06102,P.S. HUERTOS DE MANCHAY,44,113,32,31,220,14.09,14.55,71.36
322,037,LIMA CENTRO,06172,P.S. JARDIN ROSA DE SANTA MARIA,56,127,47,47,277,16.97,16.97,66.06
323,039,LIMA NORTE,10633,P.S. JESUS OROPEZA CHONTA,57,143,57,32,289,11.07,19.72,69.2
324,039,LIMA NORTE,05738,P.S. JORGE LINGAN,46,154,50,35,285,12.28,17.54,70.18
325,037,LIMA CENTRO,05630,P.S. JOSE CARLOS MARIATEGUI V ETAPA,62,146,72,54,334,16.17,21.56,62.28
326,040,LIMA SUR,06872,P.S. JOSE MARIA ARGUEDAS,82,109,37,20,248,8.06,14.92,77.02
327,039,LIMA NORTE,05796,P.S. JOSE OLAYA,62,159,37,34,292,11.64,12.67,75.68
328,040,LIMA SUR,17440,P.S. JUAN CARLOS SOBERON,94,85,41,21,241,8.71,17.01,74.27
329,039,LIMA NORTE,26972,P.S. LA ARBOLEDA,41,97,53,28,219,12.79,24.2,63.01
330,040,LIMA SUR,06112,P.S. LA RINCONADA,51,83,40,24,198,12.12,20.2,67.68
331,040,LIMA SUR,07434,P.S. LADERAS DE VILLA,66,92,24,28,210,13.33,11.43,75.24
332,039,LIMA NORTE,05794,P.S. LAS AMERICAS,55,135,39,31,260,11.92,15,73.08
333,040,LIMA SUR,06952,P.S. LAS DUNAS,50,115,38,23,226,10.18,16.81,73.01
334,040,LIMA SUR,05997,P.S. LAS FLORES,31,105,49,39,224,17.41,21.88,60.71
335,040,LIMA SUR,06163,P.S. LEONCIO PRADO,91,93,38,31,253,12.25,15.02,72.73
336,040,LIMA SUR,06135,P.S. LLANAVILLA,70,119,48,23,260,8.85,18.46,72.69
337,039,LIMA NORTE,05761,P.S. LOS GERANIOS,52,141,66,52,311,16.72,21.22,62.06
338,040,LIMA SUR,06009,P.S. LOS INCAS,44,124,36,39,243,16.05,14.81,69.14
339,039,LIMA NORTE,05789,P.S. LOS QUECHUAS,57,152,53,36,298,12.08,17.79,70.13
340,040,LIMA SUR,05996,P.S. LOS VIÑEDOS DE SURCO,39,136,37,33,245,13.47,15.1,71.43
341,039,LIMA NORTE,12668,P.S. LUIS ALBERTO BAZAGOITIA CARDENAS,51,145,51,31,278,11.15,18.35,70.5
342,039,LIMA NORTE,05739,P.S. LUIS ENRIQUE,35,161,61,52,309,16.83,19.74,63.43
343,040,LIMA SUR,06091,P.S. MANCHAY ALTO,89,74,36,17,216,7.87,16.67,75.46
344,040,LIMA SUR,13486,P.S. MARIANNE PREUSS DE STARK,60,99,28,13,200,6.5,14,79.5
345,037,LIMA CENTRO,07357,P.S. MARISCAL CACERES,63,133,61,51,308,16.56,19.81,63.64
346,038,LIMA ESTE,05867,P.S. MARISCAL CASTILLA,40,153,33,12,238,5.04,13.87,81.09
347,040,LIMA SUR,16852,P.S. MARTHA MILAGROS BAJA,43,133,57,26,259,10.04,22.01,67.95
348,038,LIMA ESTE,05906,P.S. MATAZANGO,50,167,39,17,273,6.23,14.29,79.49
349,040,LIMA SUR,06005,P.S. MATEO PUMACAHUA,40,99,47,39,225,17.33,20.89,61.78
350,038,LIMA ESTE,27426,P.S. MENTAL COMUNITARIO LA MOLINA,1,27,4,6,38,15.79,10.53,73.68
351,038,LIMA ESTE,05855,P.S. METROPOLITANA,46,165,37,27,275,9.82,13.45,76.73
352,040,LIMA SUR,06160,P.S. MICAELA BASTIDAS,79,80,38,28,225,12.44,16.89,70.67
353,039,LIMA NORTE,05759,P.S. MILAGRO DE JESUS,35,151,67,36,289,12.46,23.18,64.36
354,040,LIMA SUR,06146,P.S. MODULO I,62,114,18,22,216,10.19,8.33,81.48
355,040,LIMA SUR,06008,P.S. NUEVA CALEDONIA,61,118,23,24,226,10.62,10.18,79.2
356,040,LIMA SUR,06143,P.S. NUEVA ESPERANZA ALTA,85,73,25,25,208,12.02,12.02,75.96
357,040,LIMA SUR,06145,P.S. NUEVO PROGRESO,83,84,31,21,219,9.59,14.16,76.26
358,040,LIMA SUR,06139,P.S. OASIS DE VILLA,57,86,62,40,245,16.33,25.31,58.37
359,038,LIMA ESTE,05870,P.S. PABLO PATRON,33,148,55,33,269,12.27,20.45,67.29
360,040,LIMA SUR,06127,P.S. PACHACAMAC,42,119,55,43,259,16.6,21.24,62.16
361,037,LIMA CENTRO,06189,P.S. PALERMO,78,123,43,38,282,13.48,15.25,71.28
362,040,LIMA SUR,06094,P.S. PAMPA GRANDE,41,75,56,64,236,27.12,23.73,49.15
363,040,LIMA SUR,06117,P.S. PAMPAS DE SAN JUAN,62,92,40,24,218,11.01,18.35,70.64
364,040,LIMA SUR,06120,P.S. PARAISO,104,69,27,17,217,7.83,12.44,79.72
365,040,LIMA SUR,09565,P.S. PARAISO ALTO,65,97,42,25,229,10.92,18.34,70.74
366,040,LIMA SUR,06103,P.S. PARQUES DE MANCHAY,43,100,40,12,195,6.15,20.51,73.33
367,038,LIMA ESTE,05939,P.S. PERLA DEL SOL,35,138,33,14,220,6.36,15,78.64
368,040,LIMA SUR,06097,P.S. PICAPIEDRA,41,115,45,23,224,10.27,20.09,69.64
369,038,LIMA ESTE,05907,P.S. PORTADA DEL SOL,50,166,52,21,289,7.27,17.99,74.74
370,039,LIMA NORTE,05758,P.S. PRIMAVERA,51,108,57,32,248,12.9,22.98,64.11
371,040,LIMA SUR,06126,P.S. PRINCIPE DE ASTURIAS,47,124,59,39,269,14.5,21.93,63.57
372,037,LIMA CENTRO,05623,P.S. PROYECTOS ESPECIALES,55,151,69,51,326,15.64,21.17,63.19
373,039,LIMA NORTE,05740,P.S. PUNCHAUCA,51,172,49,33,305,10.82,16.07,73.11
374,040,LIMA SUR,06095,P.S. QUEBRADA VERDE,32,123,38,32,225,14.22,16.89,68.89
375,037,LIMA CENTRO,06188,P.S. RESCATE,82,143,69,60,354,16.95,19.49,63.56
376,040,LIMA SUR,06119,P.S. RICARDO PALMA,54,79,36,31,200,15.5,18,66.5
377,037,LIMA CENTRO,06999,P.S. SAGRADA FAMILIA,91,115,64,57,327,17.43,19.57,63
378,040,LIMA SUR,06131,P.S. SAGRADA FAMILIA,48,116,44,27,235,11.49,18.72,69.79
379,039,LIMA NORTE,05815,P.S. SAGRADO CORAZON DE JESUS,49,142,72,52,315,16.51,22.86,60.63
380,039,LIMA NORTE,05760,P.S. SAN CARLOS,61,136,44,31,272,11.4,16.18,72.43
381,040,LIMA SUR,05994,P.S. SAN CARLOS,42,106,40,28,216,12.96,18.52,68.52
382,040,LIMA SUR,06110,P.S. SAN FRANCISCO DE LA CRUZ,33,68,38,31,170,18.24,22.35,59.41
383,040,LIMA SUR,06004,P.S. SAN JUAN DE LA LIBERTAD,46,118,36,36,236,15.25,15.25,69.49
384,037,LIMA CENTRO,06181,P.S. SAN JUAN MASIAS,63,134,51,59,307,19.22,16.61,64.17
385,039,LIMA NORTE,05797,P.S. SAN MARTIN DE PORRES CONFRATERNIDAD,42,151,72,45,310,14.52,23.23,62.26
386,040,LIMA SUR,05995,P.S. SAN ROQUE,61,111,49,31,252,12.3,19.44,68.25
387,040,LIMA SUR,06002,P.S. SANTA ISABEL DE VILLA,43,106,42,32,223,14.35,18.83,66.82
388,037,LIMA CENTRO,06190,P.S. SANTA ROSA,83,130,44,35,292,11.99,15.07,72.95
389,040,LIMA SUR,06154,P.S. SANTA ROSA DE BELEN,77,86,35,41,239,17.15,14.64,68.2
390,038,LIMA ESTE,05925,P.S. SANTA ROSA DE QUIVES,34,156,39,21,250,8.4,15.6,76
391,040,LIMA SUR,06150,P.S. SANTA ROSA LAS CONCHITAS,75,98,31,23,227,10.13,13.66,76.21
392,040,LIMA SUR,06006,P.S. SANTA TERESA DE CHORRILLOS,44,101,38,28,211,13.27,18.01,68.72
393,040,LIMA SUR,06121,P.S. SANTA URSULA,87,71,32,23,213,10.8,15.02,74.18
394,040,LIMA SUR,06138,P.S. SARITA COLONIA,51,105,33,29,218,13.3,15.14,71.56
395,040,LIMA SUR,07716,P.S. SASBI,52,110,38,22,222,9.91,17.12,72.97
396,039,LIMA NORTE,05770,P.S. SEÑOR DE LOS MILAGROS,58,151,54,36,299,12.04,18.06,69.9
397,038,LIMA ESTE,05868,P.S. SEÑOR DE LOS MILAGROS,35,137,40,53,265,20,15.09,64.91
398,039,LIMA NORTE,11891,P.S. SU MAJESTAD HIROITO,39,145,57,47,288,16.32,19.79,63.89
399,040,LIMA SUR,06098,P.S. TAMBO INGA,55,85,23,22,185,11.89,12.43,75.68
400,040,LIMA SUR,06161,P.S. TORRES DE MELGAR,49,43,18,14,124,11.29,14.52,74.19
401,038,LIMA ESTE,05942,P.S. TRES DE OCTUBRE,38,130,27,11,206,5.34,13.11,81.55
402,038,LIMA ESTE,06849,P.S. TUPAC AMARU,29,139,42,24,234,10.26,17.95,71.79
403,037,LIMA CENTRO,05626,P.S. TUPAC AMARU II,54,122,79,56,311,18.01,25.4,56.59
404,040,LIMA SUR,06159,P.S. VALLE ALTO,73,104,35,35,247,14.17,14.17,71.66
405,040,LIMA SUR,06156,P.S. VALLE BAJO,79,97,35,13,224,5.8,15.63,78.57
406,040,LIMA SUR,06116,P.S. VALLE SHARON,82,81,28,19,210,9.05,13.33,77.62
407,038,LIMA ESTE,05869,P.S. VILLA DEL SOL,31,149,43,20,243,8.23,17.7,74.07
408,040,LIMA SUR,06158,P.S. VILLA LIMATAMBO,62,105,41,18,226,7.96,18.14,73.89
409,040,LIMA SUR,06089,P.S. VILLA MERCEDES,43,112,30,8,193,4.15,15.54,80.31
410,038,LIMA ESTE,10093,P.S. VILLA MERCEDES,33,155,45,29,262,11.07,17.18,71.76
411,038,LIMA ESTE,05941,P.S. VILLA RICA,51,127,30,28,236,11.86,12.71,75.42
412,040,LIMA SUR,06007,P.S. VILLA VENTURO,53,112,37,31,233,13.3,15.88,70.82
413,039,LIMA NORTE,16525,P.S. VILLAS DE ANCON,37,146,75,49,307,15.96,24.43,59.61
414,038,LIMA ESTE,05857,P.S. VIÑA SAN FRANCISCO,27,150,52,30,259,11.58,20.08,68.34
415,040,LIMA SUR,06130,P.S. VIRGEN DE LA ASUNCION,27,123,74,37,261,14.18,28.35,57.47
416,039,LIMA NORTE,05825,P.S. VIRGEN DE LAS MERCEDES,47,135,52,47,281,16.73,18.51,64.77
417,040,LIMA SUR,06142,P.S. VIRGEN DE LOURDES,76,112,42,22,252,8.73,16.67,74.6
418,040,LIMA SUR,06108,P.S. VIRGEN DEL BUEN PASO,62,88,32,29,211,13.74,15.17,71.09
419,038,LIMA ESTE,05899,P.S. VIRGEN DEL ROSARIO CARAPONGO,28,127,59,34,248,13.71,23.79,62.5
420,040,LIMA SUR,06001,P.S. VISTA ALEGRE DE VILLA,49,114,34,36,233,15.45,14.59,69.96
421,038,LIMA ESTE,05866,P.S. YANACOTO,36,135,56,24,251,9.56,22.31,68.13
